date,delay,distance,origin,destination
2001-01-01 06:55:00,-19,1797,LAX,BNA
2001-01-01 08:47:00,0,1609,SJC,IAH
2001-01-01 09:24:00,-4,1117,IAH,PIT
2001-01-01 10:18:00,-3,102,HNL,LIH
2001-01-01 11:45:00,20,920,MIA,DCA
2001-01-01 12:02:00,-12,88,CAE,CLT
2001-01-01 14:13:00,-1,495,BWI,SDF
2001-01-01 14:25:00,0,121,OGG,ITO
2001-01-01 14:35:00,7,1900,LAX,CVG
2001-01-01 16:46:00,23,1121,DFW,MIA
2001-01-01 18:40:00,33,325,OAK,BUR
2001-01-01 18:50:00,-9,907,BNA,PVD
2001-01-01 19:31:00,51,847,SFO,EGE
2001-01-01 19:34:00,27,932,CVG,FLL
2001-01-01 19:43:00,-12,1062,CLE,FLL
2001-01-01 22:40:00,-9,1188,DFW,ONT
2001-01-02 00:27:00,24,2399,HNL,SFO
2001-01-02 06:20:00,6,129,SEA,PDX
2001-01-02 06:38:00,10,862,DEN,IAH
2001-01-02 07:05:00,0,390,DEN,SLC
2001-01-02 07:16:00,-7,606,ATL,ORD
2001-01-02 08:05:00,-6,1235,DFW,LAX
2001-01-02 08:35:00,0,362,OAK,ONT
2001-01-02 09:06:00,-9,1839,CLE,SJU
2001-01-02 09:19:00,-26,1671,DTW,PHX
2001-01-02 09:23:00,-36,1522,MSP,SNA
2001-01-02 09:27:00,-11,229,IAD,LGA
2001-01-02 10:23:00,34,1521,LAS,MDW
2001-01-02 10:50:00,26,303,MSY,HOU
2001-01-02 11:11:00,-5,282,MSP,OMA
2001-01-02 11:31:00,14,888,DEN,ORD
2001-01-02 12:30:00,0,829,TPA,CMH
2001-01-02 13:24:00,16,336,PHL,BTV
2001-01-02 13:30:00,14,521,PSC,SLC
2001-01-02 13:31:00,4,224,IAH,DFW
2001-01-02 13:34:00,30,1205,SNA,DFW
2001-01-02 13:41:00,1,1671,PHX,DTW
2001-01-02 14:01:00,29,449,MSP,MOT
2001-01-02 14:23:00,1,259,STL,DSM
2001-01-02 15:04:00,59,1700,ONT,ORD
2001-01-02 15:36:00,39,228,SJT,DFW
2001-01-02 16:44:00,57,862,DEN,IAH
2001-01-02 16:51:00,-49,1830,ORD,SJC
2001-01-02 18:27:00,9,235,DTW,ORD
2001-01-02 19:10:00,5,337,SFO,LAX
2001-01-02 21:05:00,-2,447,SFO,SAN
2001-01-02 21:23:00,28,296,DAL,LIT
2001-01-03 07:18:00,5,732,ATL,DFW
2001-01-03 08:03:00,-8,190,DFW,AUS
2001-01-03 08:03:00,-17,1088,PHL,MSY
2001-01-03 08:35:00,20,422,RNO,SLC
2001-01-03 09:27:00,-6,229,LGA,IAD
2001-01-03 10:46:00,-4,116,CMH,CVG
2001-01-03 11:12:00,1,1709,MIA,DEN
2001-01-03 11:48:00,6,745,EWR,ATL
2001-01-03 12:19:00,-27,1192,DCA,DFW
2001-01-03 12:19:00,32,696,SEA,SJC
2001-01-03 12:27:00,-4,199,EWR,DCA
2001-01-03 12:34:00,14,888,ORD,DEN
2001-01-03 13:45:00,70,1123,DEN,DTW
2001-01-03 14:55:00,3,1008,MSP,EWR
2001-01-03 15:29:00,-16,413,IAD,BOS
2001-01-03 15:40:00,45,1182,FLL,ORD
2001-01-03 15:44:00,20,395,MDW,BNA
2001-01-03 16:09:00,8,719,EWR,ORD
2001-01-03 16:46:00,37,2139,ATL,SFO
2001-01-03 17:04:00,140,726,MSP,PIT
2001-01-03 18:16:00,-2,2401,PHL,LAX
2001-01-03 19:19:00,-13,461,GSO,LGA
2001-01-03 19:35:00,6,3784,HNL,DFW
2001-01-03 20:03:00,-3,888,ORD,DEN
2001-01-03 21:01:00,5,551,DFW,ELP
2001-01-03 23:23:00,27,1591,IND,LAS
2001-01-04 06:03:00,-12,488,ALB,DTW
2001-01-04 06:04:00,3,256,LAS,PHX
2001-01-04 06:30:00,-4,363,PHL,CLE
2001-01-04 06:40:00,-10,833,OKC,PHX
2001-01-04 07:00:00,0,303,MSY,HOU
2001-01-04 07:28:00,-36,1062,RDU,DFW
2001-01-04 09:02:00,-17,980,MSP,PHL
2001-01-04 09:31:00,-39,3784,DFW,HNL
2001-01-04 09:47:00,3,1195,IAH,SLC
2001-01-04 10:02:00,1,1038,PHL,MCI
2001-01-04 10:04:00,-5,1235,LAX,DFW
2001-01-04 10:55:00,12,223,BUR,LAS
2001-01-04 11:40:00,124,508,JFK,DTW
2001-01-04 12:06:00,5,418,SJC,SAN
2001-01-04 12:51:00,-24,603,HSV,DFW
2001-01-04 13:15:00,8,1117,IAH,PIT
2001-01-04 16:49:00,32,319,PIT,EWR
2001-01-04 17:12:00,-14,843,MHT,ORD
2001-01-04 17:50:00,4,516,ATL,ORF
2001-01-04 18:05:00,-7,308,LAX,SJC
2001-01-04 20:20:00,-2,786,STL,SAT
2001-01-04 20:58:00,-11,329,CLT,JAX
2001-01-05 05:55:00,1,190,SHV,DFW
2001-01-05 07:05:00,-8,2329,BWI,LAX
2001-01-05 07:30:00,-4,293,DAL,LBB
2001-01-05 08:29:00,12,1046,STL,BOS
2001-01-05 09:33:00,-4,1062,RDU,DFW
2001-01-05 10:41:00,8,262,SFO,SBA
2001-01-05 11:30:00,-7,256,PHX,LAS
2001-01-05 11:59:00,0,235,ORD,DTW
2001-01-05 12:36:00,-14,337,LAX,SFO
2001-01-05 15:04:00,5,437,DAL,MSY
2001-01-05 16:29:00,35,1926,SLC,PHL
2001-01-05 16:59:00,-10,862,DEN,LAX
2001-01-05 17:09:00,61,719,STL,DCA
2001-01-05 17:16:00,-17,337,LAX,SFO
2001-01-05 17:24:00,22,693,CID,DEN
2001-01-05 17:33:00,-5,929,DFW,TPA
2001-01-05 19:47:00,20,395,BNA,MDW
2001-01-05 20:41:00,9,418,SJC,SAN
2001-01-05 20:50:00,-2,377,BWI,MHT
2001-01-05 21:20:00,0,515,BWI,IND
2001-01-05 21:41:00,60,215,PIT,DAY
2001-01-05 21:41:00,8,240,ORD,DAY
2001-01-06 03:15:00,122,866,LAS,SEA
2001-01-06 07:54:00,9,821,JAX,EWR
2001-01-06 08:02:00,26,368,SLC,LAS
2001-01-06 08:06:00,30,140,LAW,DFW
2001-01-06 08:46:00,-1,1900,ONT,ATL
2001-01-06 09:08:00,7,508,GSP,DTW
2001-01-06 09:13:00,-5,937,MDW,HOU
2001-01-06 09:18:00,-5,1522,MSP,SNA
2001-01-06 09:21:00,10,2116,EWR,TUS
2001-01-06 09:39:00,-7,336,PHL,BTV
2001-01-06 11:41:00,-8,1811,EGE,MIA
2001-01-06 11:53:00,-10,416,ORD,OMA
2001-01-06 12:08:00,-10,802,ORD,DFW
2001-01-06 13:16:00,-9,957,MCO,DTW
2001-01-06 14:10:00,20,296,DAL,LIT
2001-01-06 14:35:00,0,237,MCI,STL
2001-01-06 16:02:00,-25,460,GSO,DTW
2001-01-06 16:19:00,-8,267,PIT,PHL
2001-01-06 17:02:00,16,1569,CVG,PHX
2001-01-06 17:12:00,10,677,ELP,HOU
2001-01-06 19:13:00,-8,70,CVG,LEX
2001-01-06 20:57:00,-11,185,BOS,LGA
2001-01-06 21:10:00,-12,834,PIT,MCO
2001-01-07 08:01:00,-15,678,ORD,PHL
2001-01-07 08:40:00,1,479,PDX,SMF
2001-01-07 09:17:00,-5,678,PHL,ORD
2001-01-07 09:22:00,-1,539,CVG,MCI
2001-01-07 10:50:00,-8,443,RDU,BNA
2001-01-07 11:00:00,-4,393,LIT,HOU
2001-01-07 11:23:00,7,325,OAK,BUR
2001-01-07 11:38:00,21,1830,SJC,ORD
2001-01-07 12:18:00,3,390,LAX,RNO
2001-01-07 12:39:00,-4,328,DFW,ICT
2001-01-07 13:41:00,-11,665,PHL,ATL
2001-01-07 17:15:00,0,189,DAL,AUS
2001-01-07 17:46:00,-2,412,PIT,ORD
2001-01-07 17:56:00,-9,526,ATL,PIT
2001-01-07 18:15:00,17,418,SJC,SAN
2001-01-07 18:34:00,-3,1262,PHX,STL
2001-01-07 18:45:00,12,602,PHX,DEN
2001-01-07 20:00:00,-3,236,LAX,LAS
2001-01-07 20:21:00,-15,2133,EWR,PHX
2001-01-07 21:34:00,-1,290,PHL,MHT
2001-01-07 23:57:00,-9,1589,SLC,ATL
2001-01-08 07:38:00,3,337,SFO,LAX
2001-01-08 07:38:00,0,719,EWR,ORD
2001-01-08 08:10:00,11,529,CLT,EWR
2001-01-08 08:40:00,11,762,MEM,DCA
2001-01-08 08:46:00,12,304,LIT,DFW
2001-01-08 09:40:00,-5,248,SAT,DAL
2001-01-08 09:40:00,-18,888,JAN,BWI
2001-01-08 11:57:00,-4,357,PVD,DCA
2001-01-08 13:38:00,21,308,LAX,SJC
2001-01-08 14:43:00,-7,432,OKC,MEM
2001-01-08 14:58:00,-18,334,MSP,ORD
2001-01-08 15:10:00,5,410,STL,CMH
2001-01-08 16:30:00,8,1072,MCO,MCI
2001-01-08 16:52:00,24,1124,MSP,BOS
2001-01-08 17:42:00,-12,1091,CLE,IAH
2001-01-08 17:49:00,11,247,SAT,DFW
2001-01-08 17:50:00,14,1400,EWR,IAH
2001-01-08 17:54:00,36,150,ORH,JFK
2001-01-08 18:39:00,99,196,BDL,PHL
2001-01-08 19:29:00,1,258,LAS,SAN
2001-01-08 20:10:00,-6,345,LAS,RNO
2001-01-08 20:41:00,-7,67,ORD,MKE
2001-01-09 05:58:00,1,256,LAS,PHX
2001-01-09 06:25:00,-11,402,HLN,SLC
2001-01-09 06:30:00,12,1723,SAN,ORD
2001-01-09 06:45:00,-5,178,FLL,MCO
2001-01-09 06:49:00,-13,190,SHV,DFW
2001-01-09 07:04:00,-42,2521,PHL,SFO
2001-01-09 07:39:00,-11,991,DEN,PDX
2001-01-09 07:51:00,21,328,PVD,BWI
2001-01-09 08:04:00,3,641,DFW,DEN
2001-01-09 08:12:00,-2,606,ATL,ORD
2001-01-09 08:49:00,55,733,ORD,LGA
2001-01-09 08:53:00,9,328,ABQ,PHX
2001-01-09 08:55:00,-21,335,LGA,PIT
2001-01-09 09:30:00,0,271,SDF,MDW
2001-01-09 12:32:00,-6,862,IAH,DEN
2001-01-09 12:36:00,-8,693,DEN,CID
2001-01-09 12:57:00,-7,1034,IAH,MSP
2001-01-09 13:30:00,-10,1589,ATL,SLC
2001-01-09 13:39:00,-3,569,ABQ,DFW
2001-01-09 14:18:00,30,461,LGA,GSO
2001-01-09 14:25:00,49,629,LAS,DEN
2001-01-09 15:04:00,-4,641,DEN,DFW
2001-01-09 15:57:00,5,325,PHX,ONT
2001-01-09 17:19:00,-9,191,IAH,SAT
2001-01-09 18:04:00,-5,1745,ORD,LAX
2001-01-09 18:35:00,-34,280,BOS,PHL
2001-01-09 19:12:00,-52,1739,ORD,PDX
2001-01-09 19:33:00,23,866,LAS,SEA
2001-01-09 19:38:00,-20,1830,ORD,SJC
2001-01-09 20:37:00,4,283,BDL,BWI
2001-01-09 21:25:00,-6,368,LAS,SLC
2001-01-09 21:26:00,88,601,SLC,TUS
2001-01-09 22:09:00,8,1045,SJU,MIA
2001-01-10 05:59:00,-13,185,BOS,LGA
2001-01-10 08:33:00,1,213,DCA,JFK
2001-01-10 08:42:00,-17,304,LIT,DFW
2001-01-10 09:51:00,24,1456,DFW,OAK
2001-01-10 10:03:00,-17,1723,ORD,SAN
2001-01-10 10:18:00,-10,642,ORD,RIC
2001-01-10 10:58:00,-6,138,BTR,JAN
2001-01-10 11:03:00,3,468,CLT,MCO
2001-01-10 11:26:00,23,813,AUS,ATL
2001-01-10 11:45:00,-3,105,RSW,MIA
2001-01-10 13:15:00,1,647,ORD,RDU
2001-01-10 13:30:00,20,214,DCA,LGA
2001-01-10 14:08:00,76,325,ONT,PHX
2001-01-10 15:01:00,-23,231,DTW,IND
2001-01-10 16:10:00,0,1050,MCO,BDL
2001-01-10 16:33:00,25,236,LAS,LAX
2001-01-10 20:32:00,-5,533,IAD,ATL
2001-01-10 21:13:00,65,460,MCI,DFW
2001-01-10 21:53:00,60,1069,CVG,DEN
2001-01-10 22:23:00,18,1542,PDX,ANC
2001-01-10 22:28:00,2,237,DFW,TUL
2001-01-10 23:02:00,-25,1825,LAS,CLE
2001-01-11 06:52:00,-1,373,SMF,LAX
2001-01-11 08:50:00,22,292,RIC,LGA
2001-01-11 08:54:00,91,1504,AUS,SFO
2001-01-11 09:15:00,-25,1090,JFK,MIA
2001-01-11 09:38:00,-2,328,PIT,RDU
2001-01-11 10:43:00,1,845,IAH,IND
2001-01-11 11:50:00,-4,296,DAL,LIT
2001-01-11 12:55:00,-6,2611,LAX,BOS
2001-01-11 13:05:00,77,406,TPA,ATL
2001-01-11 13:15:00,-7,936,CLT,DFW
2001-01-11 13:17:00,10,1188,ONT,DFW
2001-01-11 14:22:00,1,448,DFW,MSY
2001-01-11 14:47:00,-16,802,DFW,ORD
2001-01-11 15:09:00,5,1474,SJU,CLT
2001-01-11 16:16:00,-6,1417,JFK,IAH
2001-01-11 16:41:00,1,100,OGG,HNL
2001-01-11 17:55:00,-24,238,MKE,DTW
2001-01-11 18:07:00,33,1235,BWI,IAH
2001-01-11 19:25:00,-6,2556,LAX,HNL
2001-01-11 19:38:00,37,1117,IAH,PIT
2001-01-11 20:14:00,51,966,MCI,BWI
2001-01-11 21:16:00,52,337,SFO,LAX
2001-01-12 02:33:00,78,397,LAS,SMF
2001-01-12 08:06:00,-5,259,DSM,STL
2001-01-12 08:56:00,-30,399,BOS,DCA
2001-01-12 09:27:00,15,1547,SJU,ATL
2001-01-12 09:38:00,-5,802,MCO,CMH
2001-01-12 09:49:00,-9,977,IND,DEN
2001-01-12 10:55:00,1,501,LGA,DTW
2001-01-12 12:25:00,-6,237,TUL,DAL
2001-01-12 12:44:00,17,155,LAX,SBP
2001-01-12 12:52:00,90,647,PHX,SMF
2001-01-12 12:56:00,-2,214,LGA,DCA
2001-01-12 14:01:00,2,137,GRR,ORD
2001-01-12 14:24:00,30,421,SFO,PSP
2001-01-12 14:39:00,-6,661,CVG,BDL
2001-01-12 14:53:00,-21,610,DTW,MEM
2001-01-12 15:00:00,0,261,FAI,ANC
2001-01-12 16:36:00,5,73,COS,DEN
2001-01-12 16:45:00,0,296,ORD,CMH
2001-01-12 17:06:00,-17,980,MSP,PHL
2001-01-12 17:21:00,-3,116,CMH,CVG
2001-01-12 17:35:00,5,1347,IAH,SNA
2001-01-12 18:06:00,2,2369,PHL,SAN
2001-01-12 18:37:00,-22,4130,HNL,STL
2001-01-12 19:07:00,-5,145,BOS,ALB
2001-01-12 19:23:00,-27,1046,BOS,STL
2001-01-12 19:51:00,217,397,LAS,SMF
2001-01-12 21:29:00,126,175,OKC,DFW
2001-01-12 21:30:00,10,197,FLL,TPA
2001-01-12 21:45:00,8,303,MSY,HOU
2001-01-12 22:58:00,46,370,LAX,PHX
2001-01-13 06:43:00,15,67,MKE,ORD
2001-01-13 07:40:00,-8,920,TPA,PHL
2001-01-13 07:50:00,0,1428,MSY,SLC
2001-01-13 08:27:00,-7,1046,STL,BOS
2001-01-13 08:33:00,-1,556,MEM,MKE
2001-01-13 09:12:00,-14,719,EWR,ORD
2001-01-13 10:00:00,-4,200,EWR,BOS
2001-01-13 11:01:00,-12,390,SLC,DEN
2001-01-13 11:35:00,6,874,ATL,SAT
2001-01-13 12:35:00,-1,1205,DFW,SNA
2001-01-13 14:18:00,-28,2125,LAX,CLT
2001-01-13 14:29:00,-2,447,SAN,SFO
2001-01-13 14:32:00,0,719,EWR,ORD
2001-01-13 15:10:00,9,337,LAX,OAK
2001-01-13 16:35:00,-13,296,LIT,STL
2001-01-13 16:56:00,-40,1589,MSP,SFO
2001-01-13 18:47:00,8,426,RDU,JFK
2001-01-13 19:25:00,-34,1035,PBI,LGA
2001-01-13 21:35:00,-7,270,JAX,ATL
2001-01-13 23:42:00,4,181,OAK,RNO
2001-01-13 23:57:00,-23,2419,SFO,IAD
2001-01-14 06:01:00,-18,980,PHL,MSP
2001-01-14 08:32:00,-1,334,ORD,MSP
2001-01-14 09:45:00,-22,1091,IAH,CLE
2001-01-14 10:32:00,-14,522,XNA,ORD
2001-01-14 11:12:00,1,211,BHM,JAN
2001-01-14 11:29:00,-3,1678,LAS,CVG
2001-01-14 12:05:00,-45,431,LGA,RDU
2001-01-14 12:06:00,-3,639,DEN,TUS
2001-01-14 15:23:00,39,631,DFW,BNA
2001-01-14 15:45:00,-10,1009,PDX,PHX
2001-01-14 16:06:00,-6,925,BWI,FLL
2001-01-14 17:08:00,-19,89,ACT,DFW
2001-01-14 17:23:00,69,270,LGA,PWM
2001-01-14 17:54:00,-6,534,RDU,MCO
2001-01-14 18:03:00,52,296,ORF,LGA
2001-01-14 18:12:00,-7,819,DEN,ONT
2001-01-14 18:40:00,16,110,PHX,TUS
2001-01-14 19:03:00,-3,651,SFO,PHX
2001-01-15 07:40:00,-18,186,PIT,BUF
2001-01-15 08:22:00,7,187,MLI,STL
2001-01-15 11:56:00,-13,545,ATL,PBI
2001-01-15 12:14:00,31,208,PIT,ELM
2001-01-15 13:00:00,-2,345,RNO,LAS
2001-01-15 13:11:00,56,425,ATL,MSY
2001-01-15 13:20:00,9,533,MCI,DEN
2001-01-15 13:32:00,-7,680,MSP,DEN
2001-01-15 15:24:00,-16,403,MEM,CVG
2001-01-15 16:20:00,0,197,TPA,FLL
2001-01-15 16:50:00,4,441,HOU,MAF
2001-01-15 18:10:00,3,108,PVD,ISP
2001-01-15 18:42:00,-2,2475,JFK,LAX
2001-01-15 18:50:00,-13,422,SLC,RNO
2001-01-15 19:18:00,96,181,BOS,BTV
2001-01-15 19:35:00,-5,248,SAT,DAL
2001-01-15 21:07:00,128,144,JFK,PVD
2001-01-16 05:56:00,-2,783,ORD,BDL
2001-01-16 06:04:00,9,1172,IAD,DFW
2001-01-16 06:23:00,-9,1235,LAX,DFW
2001-01-16 09:58:00,-12,1557,PHL,DEN
2001-01-16 10:11:00,-5,576,ATL,BWI
2001-01-16 10:59:00,-18,364,DFW,SGF
2001-01-16 11:18:00,31,345,LAS,RNO
2001-01-16 11:54:00,-9,590,SLC,LAX
2001-01-16 13:39:00,-5,151,ATL,HSV
2001-01-16 13:55:00,2,332,ABQ,MAF
2001-01-16 14:04:00,-12,1005,TPA,JFK
2001-01-16 16:41:00,9,925,ORD,IAH
2001-01-16 17:10:00,-5,543,OAK,PDX
2001-01-16 17:48:00,3,714,SWF,ORD
2001-01-16 18:59:00,24,595,MIA,ATL
2001-01-16 19:07:00,29,111,TUL,OKC
2001-01-16 20:04:00,-22,2248,JFK,LAS
2001-01-16 22:42:00,46,1449,SEA,ANC
2001-01-17 05:53:00,-5,834,MCO,PIT
2001-01-17 06:23:00,2,1372,LAS,STL
2001-01-17 06:41:00,-9,998,EWR,TPA
2001-01-17 07:20:00,-2,446,OAK,SAN
2001-01-17 07:28:00,-16,696,STL,IAD
2001-01-17 08:00:00,4,405,MDW,MCI
2001-01-17 09:21:00,10,991,DEN,PDX
2001-01-17 09:57:00,-11,214,DCA,LGA
2001-01-17 10:44:00,-9,228,CID,STL
2001-01-17 12:12:00,28,2475,JFK,LAX
2001-01-17 12:18:00,-17,919,MCI,SLC
2001-01-17 13:29:00,6,185,BOS,LGA
2001-01-17 14:45:00,-7,109,MSN,ORD
2001-01-17 16:49:00,-9,663,JAX,BWI
2001-01-17 17:55:00,0,236,LAX,LAS
2001-01-17 18:46:00,-2,405,STL,TYS
2001-01-17 19:50:00,-9,935,TUL,PHX
2001-01-17 20:00:00,10,370,LAX,PHX
2001-01-17 20:45:00,4,67,ORD,MKE
2001-01-17 21:30:00,0,495,BWI,SDF
2001-01-17 23:25:00,-5,1846,SFO,ORD
2001-01-18 00:44:00,0,1464,SFO,DFW
2001-01-18 01:46:00,22,1300,LAS,MSP
2001-01-18 06:13:00,3,100,OGG,HNL
2001-01-18 06:26:00,-1,667,RDU,STL
2001-01-18 07:02:00,-19,2565,EWR,SFO
2001-01-18 07:05:00,10,1140,LAS,MCI
2001-01-18 07:21:00,-6,410,STL,CMH
2001-01-18 07:40:00,-2,209,EWR,MHT
2001-01-18 10:16:00,-7,758,MCO,IAD
2001-01-18 12:41:00,-7,334,ORD,MSP
2001-01-18 13:34:00,-9,550,SFO,PDX
2001-01-18 14:15:00,8,667,STL,RDU
2001-01-18 15:01:00,4,733,ORD,LGA
2001-01-18 15:15:00,18,296,LIT,DAL
2001-01-18 16:18:00,9,1211,LAX,SAT
2001-01-18 17:33:00,-9,2217,MCO,LAX
2001-01-18 17:45:00,-1,928,AUS,TPA
2001-01-18 19:07:00,-3,116,CMH,CVG
2001-01-19 06:30:00,20,156,MYR,CLT
2001-01-19 06:41:00,4,319,EWR,PIT
2001-01-19 06:57:00,11,1205,SNA,DFW
2001-01-19 07:03:00,9,576,BWI,ATL
2001-01-19 07:23:00,-6,938,MCO,EWR
2001-01-19 08:08:00,-22,1464,DFW,SFO
2001-01-19 08:15:00,3,162,MDW,IND
2001-01-19 11:01:00,-4,2486,LAX,OGG
2001-01-19 11:06:00,-19,1989,SLC,JFK
2001-01-19 11:42:00,-16,235,ORD,DTW
2001-01-19 12:30:00,-11,405,DCA,DTW
2001-01-19 12:59:00,4,387,SJC,LAS
2001-01-19 15:35:00,-15,888,ORD,DEN
2001-01-19 15:57:00,51,843,PHX,SAT
2001-01-19 16:54:00,-3,1619,LGA,DEN
2001-01-19 17:15:00,52,365,PHL,PWM
2001-01-19 17:40:00,-14,585,TUL,ORD
2001-01-19 17:46:00,51,264,CVG,ORD
2001-01-19 18:10:00,0,447,SFO,SAN
2001-01-19 18:45:00,85,749,ROC,ATL
2001-01-19 20:11:00,7,160,EWR,PVD
2001-01-20 06:01:00,-6,140,GGG,DFW
2001-01-20 06:30:00,0,451,TUS,LAX
2001-01-20 07:00:00,-1,732,ATL,DFW
2001-01-20 07:56:00,-23,214,DCA,LGA
2001-01-20 07:57:00,-10,1103,PBI,DFW
2001-01-20 08:12:00,5,153,GSP,ATL
2001-01-20 08:43:00,-5,813,TUS,DFW
2001-01-20 08:48:00,-9,473,ORD,BUF
2001-01-20 09:03:00,-22,920,MIA,DCA
2001-01-20 09:28:00,-47,1145,MIA,DTW
2001-01-20 09:41:00,4,783,BDL,ORD
2001-01-20 10:05:00,-5,197,ONT,LAS
2001-01-20 10:13:00,5,1199,DEN,ATL
2001-01-20 13:13:00,28,529,CLT,EWR
2001-01-20 13:32:00,-22,991,SLC,MSP
2001-01-20 15:53:00,4,692,ATL,MCI
2001-01-20 16:25:00,49,116,ORD,BMI
2001-01-20 16:50:00,-1,197,TPA,FLL
2001-01-20 17:37:00,-32,2611,BOS,LAX
2001-01-20 17:56:00,33,240,DAY,ORD
2001-01-20 18:04:00,-5,1199,DEN,ATL
2001-01-20 19:05:00,-4,611,BWI,MDW
2001-01-20 20:29:00,-3,723,ORD,ALB
2001-01-20 20:54:00,-9,227,CLT,ATL
2001-01-20 20:58:00,-8,631,CLT,FLL
2001-01-20 23:44:00,9,1772,LAS,CMH
2001-01-21 06:53:00,-21,957,DTW,MCO
2001-01-21 08:17:00,-9,720,EGE,DFW
2001-01-21 08:30:00,-25,337,LAX,SFO
2001-01-21 08:52:00,-8,532,SLC,SMF
2001-01-21 09:39:00,1,647,RDU,ORD
2001-01-21 12:15:00,65,1046,BOS,STL
2001-01-21 13:00:00,-7,217,DAL,IAH
2001-01-21 13:31:00,-11,2399,HNL,SFO
2001-01-21 13:52:00,11,362,ONT,OAK
2001-01-21 14:24:00,-2,1910,LAS,PIT
2001-01-21 15:17:00,-12,622,PHX,SJC
2001-01-21 15:20:00,3,843,SAT,PHX
2001-01-21 15:35:00,-6,198,RIC,PHL
2001-01-21 16:07:00,-4,2072,SJU,ORD
2001-01-21 16:58:00,64,1597,IAH,BOS
2001-01-21 18:25:00,-15,556,MKE,MEM
2001-01-21 19:52:00,-11,1498,ORD,GEG
2001-01-21 20:46:00,9,305,IAH,MSY
2001-01-21 21:59:00,-16,1222,IAH,LAS
2001-01-22 05:54:00,-24,548,BDL,DTW
2001-01-22 06:23:00,18,1090,JFK,MIA
2001-01-22 06:55:00,0,187,CRP,HOU
2001-01-22 07:22:00,-14,1192,DCA,DFW
2001-01-22 08:06:00,14,2401,EWR,SEA
2001-01-22 08:48:00,26,1674,BOS,SJU
2001-01-22 09:19:00,-7,1865,CVG,SAN
2001-01-22 09:57:00,-8,214,DCA,LGA
2001-01-22 10:44:00,127,140,GGG,DFW
2001-01-22 11:07:00,-5,430,CVG,BWI
2001-01-22 11:37:00,-16,1372,LAS,STL
2001-01-22 11:57:00,-15,214,LGA,DCA
2001-01-22 12:05:00,-3,813,TUS,DFW
2001-01-22 12:51:00,-1,110,TUS,PHX
2001-01-22 13:15:00,-13,621,BWI,ORD
2001-01-22 13:38:00,-7,1634,STT,EWR
2001-01-22 13:57:00,-17,334,MSP,ORD
2001-01-22 14:42:00,-10,1562,BOS,DFW
2001-01-22 14:48:00,-17,689,SLC,SEA
2001-01-22 16:50:00,-13,590,LAX,SLC
2001-01-22 17:20:00,-12,696,SEA,SJC
2001-01-22 17:32:00,3,370,DTW,MDT
2001-01-22 19:47:00,-8,334,ORD,MSP
2001-01-22 19:53:00,-13,199,EWR,DCA
2001-01-22 20:35:00,-10,646,OAK,PHX
2001-01-22 20:53:00,-5,1024,PBI,EWR
2001-01-22 21:26:00,18,258,SAN,LAS
2001-01-22 21:26:00,-14,273,ORD,EVV
2001-01-23 05:30:00,-6,370,LAX,PHX
2001-01-23 06:15:00,-6,696,IAD,STL
2001-01-23 07:07:00,-1,929,TPA,DFW
2001-01-23 07:26:00,-15,641,DFW,DEN
2001-01-23 07:30:00,14,373,CVG,ATL
2001-01-23 09:15:00,10,872,AUS,PHX
2001-01-23 09:40:00,-5,325,OAK,BUR
2001-01-23 09:56:00,-10,191,CAE,ATL
2001-01-23 11:07:00,47,135,ORD,CMI
2001-01-23 12:58:00,-13,526,PIT,ATL
2001-01-23 13:46:00,-14,678,ORD,PHL
2001-01-23 13:55:00,-3,332,ABQ,MAF
2001-01-23 15:01:00,-18,1557,DEN,PHL
2001-01-23 16:48:00,-14,473,ORD,BUF
2001-01-23 16:55:00,-3,197,FLL,TPA
2001-01-23 17:35:00,-9,867,BOS,ORD
2001-01-23 17:38:00,129,550,PDX,SFO
2001-01-23 19:52:00,-9,110,TUS,PHX
2001-01-23 19:58:00,-11,228,PHL,SYR
2001-01-23 20:28:00,6,1347,IAH,SNA
2001-01-23 21:23:00,15,337,LAX,SFO
2001-01-24 01:02:00,-14,1055,LAS,DFW
2001-01-24 06:00:00,-2,237,MCI,STL
2001-01-24 06:20:00,2,719,DCA,STL
2001-01-24 06:51:00,-7,468,MCO,CLT
2001-01-24 06:51:00,11,345,HPN,PIT
2001-01-24 07:22:00,-17,1090,MIA,JFK
2001-01-24 07:38:00,-3,229,IND,STL
2001-01-24 07:51:00,-7,495,OKC,DEN
2001-01-24 08:00:00,-13,588,ICT,ORD
2001-01-24 08:15:00,1,67,MKE,ORD
2001-01-24 09:05:00,24,1548,TUS,CVG
2001-01-24 10:14:00,16,109,MSN,ORD
2001-01-24 11:23:00,-7,528,MSP,DTW
2001-01-24 11:36:00,-2,256,LAS,PHX
2001-01-24 12:45:00,8,110,PSP,LAX
2001-01-24 14:35:00,-7,254,STL,SDF
2001-01-24 15:40:00,-19,1635,IAH,SFO
2001-01-24 16:25:00,5,423,MDW,OMA
2001-01-24 16:43:00,5,933,SAN,PDX
2001-01-24 17:20:00,-5,321,ATL,SDF
2001-01-24 17:38:00,-1,129,SEA,PDX
2001-01-24 18:55:00,3,562,DAL,ELP
2001-01-24 19:23:00,24,632,DTW,BOS
2001-01-24 19:49:00,-10,453,ATL,LIT
2001-01-24 20:54:00,9,130,CLT,RDU
2001-01-24 21:00:00,5,181,BOS,BTV
2001-01-24 21:10:00,20,991,MSP,SLC
2001-01-25 05:56:00,8,599,SLC,SFO
2001-01-25 07:15:00,11,661,CVG,BDL
2001-01-25 07:20:00,-4,373,LAX,SMF
2001-01-25 07:58:00,5,1557,DEN,PHL
2001-01-25 08:12:00,-29,2176,PHL,LAS
2001-01-25 08:31:00,-11,550,DFW,STL
2001-01-25 08:41:00,-20,1797,LAX,BNA
2001-01-25 14:00:00,-2,677,ELP,HOU
2001-01-25 14:22:00,-5,1172,DFW,IAD
2001-01-25 14:42:00,20,913,IAH,CLT
2001-01-25 15:07:00,-22,594,DTW,ATL
2001-01-25 17:35:00,12,529,CLT,EWR
2001-01-25 18:37:00,46,1416,IAH,LGA
2001-01-25 18:55:00,51,543,PDX,OAK
2001-01-25 20:03:00,15,338,PHX,SNA
2001-01-25 20:08:00,12,846,DEN,SNA
2001-01-25 20:31:00,-23,264,BOS,SYR
2001-01-25 21:59:00,6,2306,SEA,IAD
2001-01-25 22:55:00,-15,251,STL,MDW
2001-01-26 06:08:00,-13,405,DCA,DTW
2001-01-26 06:10:00,-6,276,HRL,HOU
2001-01-26 06:15:00,-15,838,MHT,MDW
2001-01-26 06:34:00,-16,229,DTW,MDW
2001-01-26 06:43:00,11,1043,RDU,IAH
2001-01-26 07:59:00,-6,861,PHL,MCO
2001-01-26 08:13:00,-11,849,ORD,PVD
2001-01-26 10:02:00,22,978,ORD,AUS
2001-01-26 10:13:00,-13,732,ATL,DFW
2001-01-26 11:16:00,1,738,ORD,HPN
2001-01-26 11:21:00,52,906,MSP,ATL
2001-01-26 11:27:00,-8,336,RDU,PHL
2001-01-26 12:07:00,-4,957,DTW,MCO
2001-01-26 12:27:00,-8,1190,IAD,IAH
2001-01-26 12:55:00,-11,408,JAN,DFW
2001-01-26 13:08:00,-13,763,ORD,BTV
2001-01-26 13:24:00,-4,418,LGA,CLE
2001-01-26 13:40:00,-2,1078,COS,CVG
2001-01-26 13:50:00,-12,507,PHX,SLC
2001-01-26 15:01:00,-4,514,GSP,PHL
2001-01-26 15:56:00,-45,2288,LAX,IAD
2001-01-26 16:05:00,-15,383,IAD,DTW
2001-01-26 16:25:00,3,803,ISP,BNA
2001-01-26 17:39:00,-17,946,ATL,BOS
2001-01-26 17:55:00,7,197,TPA,FLL
2001-01-26 18:18:00,3,463,MBS,MSP
2001-01-26 18:23:00,14,272,PNS,ATL
2001-01-26 18:24:00,-4,526,ATL,PIT
2001-01-26 18:41:00,-11,228,MSP,MSN
2001-01-26 19:45:00,-2,1065,FLL,EWR
2001-01-26 20:24:00,56,859,DFW,FWA
2001-01-26 20:40:00,7,335,LGA,PIT
2001-01-26 20:45:00,6,445,ATL,SRQ
2001-01-26 21:48:00,67,554,CLE,ATL
2001-01-26 22:29:00,-2,354,DFW,CRP
2001-01-26 22:29:00,62,475,ORD,TYS
2001-01-26 22:37:00,-8,448,CLT,PHL
2001-01-26 23:03:00,36,144,JFK,PVD
2001-01-27 06:30:00,-5,181,BTV,BOS
2001-01-27 06:57:00,11,440,DTW,STL
2001-01-27 07:11:00,-5,312,MSN,DTW
2001-01-27 09:53:00,-10,247,HOU,DFW
2001-01-27 11:21:00,-1,416,ORD,OMA
2001-01-27 11:38:00,6,1076,FLL,LGA
2001-01-27 11:48:00,56,412,ORD,PIT
2001-01-27 14:03:00,-5,462,STL,OKC
2001-01-27 14:16:00,-1,640,BOS,CMH
2001-01-27 14:28:00,-7,984,DFW,MCO
2001-01-27 15:43:00,49,920,MIA,DCA
2001-01-27 15:57:00,-17,387,LAS,SJC
2001-01-27 16:35:00,-21,197,MSP,FSD
2001-01-27 16:43:00,-21,1449,ANC,SEA
2001-01-27 17:08:00,-11,235,DTW,ORD
2001-01-27 17:23:00,-36,1050,BDL,MSP
2001-01-27 17:27:00,-6,137,GRR,ORD
2001-01-27 17:37:00,15,1099,LAS,OMA
2001-01-27 17:50:00,-25,714,SWF,ORD
2001-01-27 23:30:00,-4,1739,PDX,ORD
2001-01-28 06:56:00,4,190,DFW,AUS
2001-01-28 07:39:00,-24,1515,LAS,ORD
2001-01-28 08:27:00,-9,440,STL,DTW
2001-01-28 10:57:00,-11,448,PHL,CLT
2001-01-28 11:00:00,12,873,TPA,PIT
2001-01-28 11:41:00,-5,1076,DTW,IAH
2001-01-28 11:42:00,-3,1372,DFW,EWR
2001-01-28 12:32:00,-14,1076,FLL,LGA
2001-01-28 12:39:00,-2,460,DFW,MCI
2001-01-28 15:43:00,5,334,ORD,MSP
2001-01-28 17:30:00,40,550,MCO,MSY
2001-01-28 18:10:00,-14,1073,MCO,ALB
2001-01-28 18:30:00,126,236,LAS,LAX
2001-01-28 19:01:00,-12,1416,IAH,LGA
2001-01-28 19:13:00,-10,812,DFW,CVG
2001-01-28 19:24:00,50,137,ORD,GRR
2001-01-28 21:30:00,14,187,HOU,CRP
2001-01-29 00:08:00,113,1262,STL,PHX
2001-01-29 05:56:00,7,334,ORD,MSP
2001-01-29 07:28:00,3,719,EWR,ORD
2001-01-29 07:37:00,-1,308,LAX,SJC
2001-01-29 07:57:00,-3,100,HNL,OGG
2001-01-29 08:34:00,-10,361,BWI,CLT
2001-01-29 08:56:00,-16,1068,EWR,RSW
2001-01-29 11:09:00,-14,938,EWR,MCO
2001-01-29 11:15:00,8,297,MSP,MKE
2001-01-29 11:30:00,32,282,DFW,LBB
2001-01-29 11:37:00,-2,372,SFO,SNA
2001-01-29 12:12:00,-12,205,DCA,PIT
2001-01-29 13:26:00,-19,238,PHL,PVD
2001-01-29 13:53:00,-14,700,RDU,MIA
2001-01-29 15:53:00,0,1235,DFW,LAX
2001-01-29 16:22:00,25,1489,PHX,IND
2001-01-29 16:41:00,7,2248,LAS,JFK
2001-01-29 17:59:00,109,783,BDL,ORD
2001-01-29 19:03:00,-11,986,IAH,GSO
2001-01-29 19:06:00,1,641,DFW,DEN
2001-01-30 06:56:00,-1,113,AZO,DTW
2001-01-30 07:34:00,-26,1608,EWR,SJU
2001-01-30 08:05:00,15,460,DFW,MCI
2001-01-30 09:59:00,-15,1557,PHL,DEN
2001-01-30 10:00:00,28,306,ATL,GSO
2001-01-30 12:14:00,27,2565,SFO,EWR
2001-01-30 12:22:00,25,1023,DTW,SRQ
2001-01-30 13:09:00,-14,1069,DEN,CVG
2001-01-30 13:54:00,-5,1237,TPA,SJU
2001-01-30 14:10:00,30,956,SEA,ONT
2001-01-30 14:25:00,-12,507,SLC,PHX
2001-01-30 14:33:00,38,619,ATL,MDT
2001-01-30 15:45:00,-1,215,ATL,SAV
2001-01-30 16:01:00,26,420,DEN,ICT
2001-01-30 17:00:00,-10,192,SAT,HOU
2001-01-30 18:08:00,-7,2401,PHL,LAX
2001-01-30 19:01:00,6,160,PVD,EWR
2001-01-30 19:26:00,5,332,ATL,MEM
2001-01-30 20:12:00,-13,342,STL,OMA
2001-01-30 20:50:00,-8,318,JAX,FLL
2001-01-30 21:18:00,1,842,BWI,TPA
2001-01-30 21:47:00,18,1269,ATL,ABQ
2001-01-30 23:14:00,2,145,JFK,ALB
2001-01-31 06:25:00,-2,399,SEA,BOI
2001-01-31 06:26:00,-7,224,TVC,ORD
2001-01-31 07:15:00,4,405,MCI,MDW
2001-01-31 08:00:00,-6,491,MEM,ORD
2001-01-31 09:00:00,19,719,EWR,ORD
2001-01-31 10:23:00,2,1199,DEN,ATL
2001-01-31 10:32:00,-14,373,VPS,MEM
2001-01-31 10:54:00,-9,336,SDF,CLT
2001-01-31 11:10:00,-20,1865,SAN,CVG
2001-01-31 11:40:00,4,251,STL,MDW
2001-01-31 12:30:00,-30,2237,ALB,LAS
2001-01-31 14:18:00,-4,342,STL,OMA
2001-01-31 15:06:00,-3,1536,LAX,MSP
2001-01-31 15:08:00,-23,413,CVG,RIC
2001-01-31 15:24:00,2,696,SEA,SJC
2001-01-31 15:45:00,-10,318,MKE,CVG
2001-01-31 16:01:00,-6,239,PIT,ITH
2001-01-31 17:21:00,-9,405,PHL,CMH
2001-01-31 18:51:00,-8,1569,EWR,SAT
2001-01-31 19:03:00,-12,109,ERI,PIT
2001-01-31 19:05:00,7,255,BWI,RDU
2001-01-31 20:01:00,6,601,PHX,RNO
2001-01-31 21:09:00,7,226,SNA,LAS
2001-01-31 21:35:00,-27,992,FLL,PHL
2001-01-31 23:25:00,10,1846,SFO,ORD
2001-02-01 06:18:00,-3,308,LAX,SJC
2001-02-01 07:10:00,3,576,BWI,ATL
2001-02-01 07:40:00,-8,371,SNA,OAK
2001-02-01 09:25:00,-4,602,PHX,DEN
2001-02-01 10:07:00,-14,1739,ORD,PDX
2001-02-01 10:25:00,5,89,SBA,LAX
2001-02-01 10:30:00,-5,185,BOS,LGA
2001-02-01 10:36:00,-8,445,ATL,SRQ
2001-02-01 10:52:00,-4,1400,EWR,IAH
2001-02-01 11:37:00,29,1021,DFW,CLE
2001-02-01 11:45:00,11,328,PHX,ABQ
2001-02-01 13:02:00,-5,383,DFW,BTR
2001-02-01 13:26:00,-7,867,BOS,ORD
2001-02-01 13:29:00,13,89,SBA,LAX
2001-02-01 15:28:00,6,216,ITO,HNL
2001-02-01 15:33:00,23,1302,PHL,DFW
2001-02-01 16:42:00,-2,414,SFO,LAS
2001-02-01 16:42:00,-19,867,ORD,BOS
2001-02-01 17:52:00,-7,413,RIC,CVG
2001-02-01 18:30:00,-8,978,AUS,ORD
2001-02-01 19:29:00,4,931,DCA,MSP
2001-02-01 19:30:00,23,214,DCA,LGA
2001-02-01 19:57:00,204,1045,SJU,MIA
2001-02-01 21:59:00,-9,2288,LAX,IAD
2001-02-01 22:40:00,-10,1262,STL,PHX
2001-02-01 23:36:00,-14,1616,PDX,DFW
2001-02-02 05:26:00,-4,581,FLL,ATL
2001-02-02 06:04:00,-1,529,ORF,DTW
2001-02-02 06:21:00,-7,271,BNA,STL
2001-02-02 06:35:00,18,1086,EWR,MIA
2001-02-02 07:00:00,-14,190,SHV,DFW
2001-02-02 07:40:00,34,802,ORD,DFW
2001-02-02 07:53:00,-9,1605,DEN,EWR
2001-02-02 07:56:00,-1,2475,LAX,JFK
2001-02-02 08:27:00,7,1979,LAX,DTW
2001-02-02 08:43:00,-8,2527,LAX,BDL
2001-02-02 08:45:00,-2,313,MCI,OKC
2001-02-02 09:18:00,-20,1439,DFW,SJC
2001-02-02 09:26:00,6,787,TPA,IAH
2001-02-02 09:28:00,-11,118,CLT,FAY
2001-02-02 11:53:00,-14,351,BHM,CLT
2001-02-02 12:54:00,-7,296,CMH,ORD
2001-02-02 14:11:00,8,678,PHL,ORD
2001-02-02 14:25:00,-17,1021,DFW,CLE
2001-02-02 14:50:00,0,174,PBI,TPA
2001-02-02 15:01:00,-3,819,ONT,DEN
2001-02-02 15:21:00,-7,299,ORD,DSM
2001-02-02 16:05:00,8,407,OAK,LAS
2001-02-02 16:16:00,-6,228,SJT,DFW
2001-02-02 16:39:00,4,189,DAL,AUS
2001-02-02 17:15:00,-6,1045,MIA,SJU
2001-02-02 17:16:00,33,368,LAS,SLC
2001-02-02 17:32:00,34,1107,PHX,SEA
2001-02-02 18:42:00,-14,431,RDU,LGA
2001-02-02 19:00:00,-7,651,PHX,SFO
2001-02-02 19:42:00,-10,90,PHL,BWI
2001-02-02 20:36:00,3,77,ABE,MDT
2001-02-02 21:00:00,-15,495,SDF,BWI
2001-02-02 21:59:00,-10,2585,SFO,MIA
2001-02-02 22:28:00,16,485,PIT,MHT
2001-02-03 06:57:00,-14,334,MSP,ORD
2001-02-03 07:41:00,-5,209,LAX,FAT
2001-02-03 11:30:00,-9,496,BOS,PIT
2001-02-03 11:55:00,1,1700,ORD,ONT
2001-02-03 12:32:00,59,998,TPA,EWR
2001-02-03 13:05:00,0,752,BOS,CVG
2001-02-03 13:30:00,-1,224,IAH,DFW
2001-02-03 13:57:00,-21,200,EWR,BOS
2001-02-03 14:20:00,-20,1262,PHX,STL
2001-02-03 16:00:00,6,775,AUS,DEN
2001-02-03 16:46:00,-36,1372,EWR,DFW
2001-02-03 17:17:00,-9,113,DFW,SPS
2001-02-03 18:45:00,0,451,LAX,TUS
2001-02-03 23:48:00,18,2227,LAS,EWR
2001-02-04 06:27:00,-1,999,GSO,DFW
2001-02-04 07:20:00,-8,966,BWI,MCI
2001-02-04 08:05:00,-9,544,LGA,CLT
2001-02-04 09:45:00,-5,549,OTZ,ANC
2001-02-04 09:58:00,-5,678,ORD,PHL
2001-02-04 10:05:00,-4,911,ORD,COS
2001-02-04 11:16:00,23,964,IAH,MIA
2001-02-04 11:50:00,-6,418,SJC,SAN
2001-02-04 12:35:00,-17,1205,DFW,SNA
2001-02-04 14:10:00,-20,1180,SEA,ABQ
2001-02-04 14:24:00,-9,1068,DFW,PIT
2001-02-04 15:15:00,0,187,HOU,CRP
2001-02-04 15:35:00,47,758,BNA,PBI
2001-02-04 16:28:00,-2,866,SEA,LAS
2001-02-04 16:37:00,-9,1968,SLC,EWR
2001-02-04 17:38:00,3,305,IAH,MSY
2001-02-04 17:43:00,4,964,IAH,MIA
2001-02-04 18:05:00,5,678,ORD,PHL
2001-02-04 18:50:00,18,786,SAT,STL
2001-02-04 19:05:00,-5,872,DEN,MEM
2001-02-04 19:07:00,142,268,RST,ORD
2001-02-04 19:50:00,-26,1363,MCI,LAX
2001-02-04 20:40:00,32,237,STL,MCI
2001-02-05 07:40:00,-4,462,STL,OKC
2001-02-05 07:57:00,3,692,ATL,MCI
2001-02-05 08:03:00,47,651,CLT,MSY
2001-02-05 10:25:00,8,821,ATL,OMA
2001-02-05 11:20:00,7,163,HNL,KOA
2001-02-05 12:22:00,-6,356,ATL,RDU
2001-02-05 12:41:00,-13,309,DFW,MAF
2001-02-05 12:42:00,-7,762,DFW,IND
2001-02-05 12:45:00,-5,248,DAL,SAT
2001-02-05 14:07:00,18,264,SYR,BOS
2001-02-05 14:07:00,-8,92,CLT,AVL
2001-02-05 15:02:00,-3,228,FSM,DFW
2001-02-05 17:54:00,-2,663,BWI,JAX
2001-02-05 20:02:00,365,745,ATL,EWR
2001-02-05 20:23:00,-33,606,ORD,ATL
2001-02-05 20:24:00,17,547,DCA,ATL
2001-02-06 06:22:00,-4,999,GSO,DFW
2001-02-06 06:31:00,-31,1975,PDX,CVG
2001-02-06 08:06:00,92,280,BOS,PHL
2001-02-06 08:55:00,3,550,STL,DFW
2001-02-06 09:11:00,23,293,DAL,LBB
2001-02-06 09:27:00,-8,773,TPA,CVG
2001-02-06 10:07:00,8,316,ORD,CLE
2001-02-06 10:11:00,110,761,ATL,LGA
2001-02-06 10:57:00,3,351,DFW,LFT
2001-02-06 11:19:00,-12,888,DEN,ORD
2001-02-06 12:05:00,-8,1007,EGE,ORD
2001-02-06 13:03:00,-9,603,HSV,DFW
2001-02-06 13:10:00,-11,1046,SJU,FLL
2001-02-06 13:51:00,-4,372,SNA,SFO
2001-02-06 13:53:00,-21,1249,SLC,ORD
2001-02-06 15:00:00,-15,271,BNA,STL
2001-02-06 15:56:00,-10,1235,DFW,LAX
2001-02-06 16:28:00,-17,247,DFW,HOU
2001-02-06 16:50:00,0,636,ELP,SAN
2001-02-06 17:35:00,-5,295,LBB,ELP
2001-02-06 18:20:00,-12,205,DCA,PIT
2001-02-06 18:31:00,-2,813,STL,PHL
2001-02-06 18:40:00,-16,431,RDU,LGA
2001-02-06 20:32:00,4,1276,MSP,PHX
2001-02-06 21:15:00,-5,187,HOU,CRP
2001-02-06 21:41:00,16,872,PHX,AUS
2001-02-06 22:44:00,7,346,CLT,CMH
2001-02-06 23:34:00,-10,581,ATL,FLL
2001-02-07 07:30:00,-19,370,LAX,PHX
2001-02-07 08:37:00,6,321,ATL,SDF
2001-02-07 08:41:00,16,641,DEN,DFW
2001-02-07 10:26:00,-19,594,DTW,ATL
2001-02-07 11:26:00,-15,337,SFO,LAX
2001-02-07 11:47:00,-5,901,FLL,IAD
2001-02-07 12:05:00,-5,663,JAX,BWI
2001-02-07 12:11:00,51,532,SLC,FCA
2001-02-07 13:10:00,6,328,ABQ,PHX
2001-02-07 13:26:00,-3,692,ATL,MCI
2001-02-07 13:37:00,-3,1807,SFO,MEM
2001-02-07 13:55:00,-15,759,DCA,MCO
2001-02-07 14:17:00,-24,1623,STT,JFK
2001-02-07 14:58:00,1,236,LAS,LAX
2001-02-07 16:02:00,10,408,JAN,DFW
2001-02-07 17:13:00,-17,600,CLT,RSW
2001-02-07 17:30:00,7,258,SAN,LAS
2001-02-07 18:48:00,-5,1597,BOS,IAH
2001-02-07 19:55:00,162,1069,DEN,CVG
2001-02-07 20:27:00,-14,328,BWI,PVD
2001-02-07 20:31:00,3,733,ORD,LGA
2001-02-07 21:24:00,-8,957,DTW,MCO
2001-02-07 21:42:00,-2,1208,IAH,DCA
2001-02-07 21:59:00,-29,2475,LAX,JFK
2001-02-08 06:30:00,-6,1012,ORD,TPA
2001-02-08 10:20:00,-12,833,PHX,OKC
2001-02-08 11:00:00,1,651,CLT,MSY
2001-02-08 11:10:00,-5,430,CVG,BWI
2001-02-08 13:30:00,5,105,MIA,RSW
2001-02-08 13:39:00,62,1557,DEN,PHL
2001-02-08 13:45:00,-13,1037,PHX,OMA
2001-02-08 13:50:00,0,358,BUR,SMF
2001-02-08 14:31:00,-12,1400,IAH,EWR
2001-02-08 14:40:00,7,480,SAN,SMF
2001-02-08 15:00:00,-15,610,DTW,MEM
2001-02-08 15:01:00,-8,468,BOS,ORF
2001-02-08 16:10:00,0,500,CLT,DTW
2001-02-08 17:48:00,-5,1043,RDU,IAH
2001-02-08 20:19:00,23,553,PIT,STL
2001-02-08 21:53:00,65,983,DTW,TPA
2001-02-08 22:47:00,-7,2475,LAX,JFK
2001-02-09 00:13:00,37,373,ATL,CVG
2001-02-09 06:15:00,-12,512,MEM,CLT
2001-02-09 06:55:00,-29,1076,IAH,DTW
2001-02-09 07:00:00,24,1072,MCO,MCI
2001-02-09 07:01:00,-4,1547,ATL,SJU
2001-02-09 07:03:00,46,642,ORD,RIC
2001-02-09 08:15:00,-2,1557,PHL,DEN
2001-02-09 09:00:00,-5,256,PHX,LAS
2001-02-09 09:19:00,15,967,DEN,SFO
2001-02-09 09:42:00,28,1536,MSP,LAX
2001-02-09 10:30:00,0,683,MCO,MEM
2001-02-09 11:20:00,-8,1671,CMH,PHX
2001-02-09 14:05:00,14,1456,OAK,DFW
2001-02-09 14:36:00,13,239,DAL,HOU
2001-02-09 15:37:00,-8,290,CLT,ORF
2001-02-09 15:59:00,2,282,LBB,DFW
2001-02-09 16:08:00,102,258,STL,ORD
2001-02-09 17:01:00,3,1020,LGA,MSP
2001-02-09 17:15:00,24,1021,DFW,CLE
2001-02-09 17:28:00,9,1050,SAN,SEA
2001-02-09 17:28:00,21,2419,SFO,IAD
2001-02-09 17:46:00,13,651,SFO,PHX
2001-02-09 20:16:00,7,806,MIA,BNA
2001-02-09 21:41:00,5,587,PHL,IND
2001-02-09 22:04:00,7,387,SLC,BIL
2001-02-09 22:34:00,44,271,STL,BNA
2001-02-10 05:25:00,-10,515,RSW,ATL
2001-02-10 07:49:00,8,405,MDW,MCI
2001-02-10 08:57:00,-24,1587,PHX,ATL
2001-02-10 09:39:00,68,991,MSP,SLC
2001-02-10 10:13:00,27,1597,BOS,IAH
2001-02-10 10:33:00,11,1258,BOS,MIA
2001-02-10 11:12:00,-12,802,DFW,ORD
2001-02-10 13:35:00,-7,251,MDW,STL
2001-02-10 13:40:00,36,529,CLT,EWR
2001-02-10 15:10:00,0,248,DAL,SAT
2001-02-10 17:44:00,-11,594,MDT,ORD
2001-02-10 18:23:00,-13,1090,JFK,MIA
2001-02-10 20:05:00,-13,745,ATL,EWR
2001-02-10 20:10:00,-3,109,SAN,LAX
2001-02-10 20:13:00,-19,696,SJC,SEA
2001-02-10 21:05:00,-26,475,ORD,TYS
2001-02-10 21:10:00,-4,742,PHL,JAX
2001-02-11 06:18:00,14,849,PVD,ORD
2001-02-11 07:09:00,-8,445,SRQ,ATL
2001-02-11 07:33:00,31,332,ATL,MEM
2001-02-11 08:26:00,-4,462,EWR,CMH
2001-02-11 09:59:00,-5,318,DCA,ALB
2001-02-11 10:18:00,-12,732,DFW,ATL
2001-02-11 10:42:00,0,834,LAX,PDX
2001-02-11 11:55:00,-3,197,TPA,FLL
2001-02-11 11:58:00,-5,185,ILM,CLT
2001-02-11 13:32:00,-20,1870,SEA,MEM
2001-02-11 13:37:00,-5,102,LIH,HNL
2001-02-11 14:03:00,3,414,LAS,SFO
2001-02-11 16:35:00,-10,296,LIT,STL
2001-02-11 16:46:00,-1,528,DTW,MSP
2001-02-11 16:51:00,-14,1034,IAH,MSP
2001-02-11 17:11:00,-4,859,SNA,PDX
2001-02-11 17:12:00,-1,1062,MSY,DEN
2001-02-11 17:40:00,12,1099,OMA,LAS
2001-02-11 18:35:00,24,1442,MCI,SMF
2001-02-11 20:15:00,3,719,EWR,ORD
2001-02-11 20:36:00,-19,490,MSP,RAP
2001-02-11 21:20:00,-22,737,STL,BWI
2001-02-11 22:06:00,10,1400,IAH,EWR
2001-02-12 06:07:00,-12,213,SAV,CLT
2001-02-12 06:09:00,4,113,SPS,DFW
2001-02-12 06:24:00,2,671,OAK,SEA
2001-02-12 06:25:00,8,480,SMF,SAN
2001-02-12 06:56:00,12,214,LGA,DCA
2001-02-12 06:58:00,-2,74,LAN,DTW
2001-02-12 07:05:00,-1,381,IND,MEM
2001-02-12 07:26:00,-3,414,LAS,SFO
2001-02-12 10:40:00,-12,96,MIA,APF
2001-02-12 10:55:00,0,460,BHM,TPA
2001-02-12 11:10:00,11,1142,MSP,BOI
2001-02-12 12:15:00,45,258,LAS,SAN
2001-02-12 12:27:00,-14,264,CVG,ORD
2001-02-12 13:39:00,-5,1372,EWR,DFW
2001-02-12 13:46:00,3,74,DTW,LAN
2001-02-12 14:45:00,22,181,OKC,DAL
2001-02-12 16:13:00,-9,1440,ORD,PHX
2001-02-12 17:09:00,-8,719,EWR,ORD
2001-02-12 17:42:00,17,314,BWI,CLE
2001-02-12 18:00:00,85,2475,JFK,LAX
2001-02-12 18:30:00,7,1751,BNA,SAN
2001-02-12 18:31:00,-23,908,MSP,IAD
2001-02-12 18:35:00,-5,407,LAS,OAK
2001-02-12 18:59:00,14,813,STL,PHL
2001-02-12 19:56:00,1,642,ORD,RIC
2001-02-12 20:48:00,28,1456,DFW,OAK
2001-02-12 20:48:00,1,237,DFW,TUL
2001-02-12 22:10:00,4,308,IAH,BRO
2001-02-12 22:10:00,-2,2288,LAX,IAD
2001-02-13 07:00:00,0,366,DAB,ATL
2001-02-13 07:18:00,10,342,SJC,SNA
2001-02-13 09:00:00,0,544,MDW,LIT
2001-02-13 09:19:00,34,553,PIT,STL
2001-02-13 10:49:00,84,190,SHV,DFW
2001-02-13 11:04:00,41,1671,DTW,PHX
2001-02-13 11:35:00,1,369,PHX,BUR
2001-02-13 11:45:00,-10,325,BUR,OAK
2001-02-13 11:55:00,0,1671,LAX,MSY
2001-02-13 12:36:00,4,1172,DFW,IAD
2001-02-13 15:19:00,40,425,MSY,ATL
2001-02-13 16:29:00,-1,448,MSY,DFW
2001-02-13 18:19:00,71,1745,ORD,LAX
2001-02-13 18:42:00,42,1521,LAS,MDW
2001-02-13 19:39:00,-12,946,ATL,BOS
2001-02-13 22:48:00,78,950,LGA,MCO
2001-02-14 05:54:00,-10,717,ORF,ORD
2001-02-14 07:32:00,10,100,HNL,OGG
2001-02-14 08:17:00,47,1576,PHL,SJU
2001-02-14 08:36:00,15,1592,STL,LAX
2001-02-14 09:10:00,-16,1494,MSP,ONT
2001-02-14 09:15:00,-3,197,FLL,TPA
2001-02-14 09:34:00,21,906,MCO,ABE
2001-02-14 09:50:00,-9,762,LAS,PDX
2001-02-14 11:32:00,31,1156,STL,SLC
2001-02-14 13:45:00,-1,377,BWI,MHT
2001-02-14 14:39:00,19,1726,SNA,ORD
2001-02-14 14:46:00,1,351,LFT,DFW
2001-02-14 17:55:00,8,328,BWI,PVD
2001-02-14 17:55:00,3,749,ATL,ROC
2001-02-14 19:24:00,27,440,DTW,STL
2001-02-14 19:52:00,2,147,ORD,DBQ
2001-02-14 21:40:00,9,256,LAS,PHX
2001-02-14 22:42:00,22,184,JFK,BWI
2001-02-14 23:53:00,-1,1660,SEA,DFW
2001-02-15 07:25:00,-8,281,BUF,BWI
2001-02-15 11:00:00,-1,451,LAX,TUS
2001-02-15 11:00:00,78,797,MDW,DFW
2001-02-15 12:14:00,0,425,ATL,MSY
2001-02-15 13:30:00,18,365,PHL,GSO
2001-02-15 13:30:00,15,1276,PHX,MSP
2001-02-15 15:15:00,74,737,BWI,STL
2001-02-15 15:47:00,1,1709,DEN,MIA
2001-02-15 15:55:00,5,328,PHX,ABQ
2001-02-15 16:17:00,25,920,PHL,TPA
2001-02-15 18:08:00,16,2106,PIT,SAN
2001-02-15 19:05:00,20,328,PIT,SBN
2001-02-15 20:33:00,-6,1121,BOS,MCO
2001-02-15 20:34:00,17,195,STL,SGF
2001-02-16 05:19:00,10,745,EWR,ATL
2001-02-16 06:05:00,41,1107,SEA,PHX
2001-02-16 06:37:00,17,642,RIC,ORD
2001-02-16 06:50:00,14,297,SJC,BUR
2001-02-16 09:05:00,-8,368,SLC,LAS
2001-02-16 10:42:00,26,272,PNS,ATL
2001-02-16 11:21:00,9,362,ONT,OAK
2001-02-16 11:49:00,25,395,OKC,IAH
2001-02-16 13:04:00,27,301,JFK,BUF
2001-02-16 16:20:00,3,670,HOU,BNA
2001-02-16 17:49:00,23,373,LAX,SMF
2001-02-16 18:00:00,87,1249,SLC,ORD
2001-02-16 18:05:00,32,569,EWR,CVG
2001-02-16 19:07:00,55,1846,SFO,ORD
2001-02-16 19:21:00,61,872,DEN,MEM
2001-02-16 20:06:00,21,862,LAX,DEN
2001-02-16 21:35:00,50,318,JAX,FLL
2001-02-16 21:40:00,6,90,PHL,BWI
2001-02-16 22:03:00,61,1065,FLL,EWR
2001-02-16 22:11:00,53,181,BOS,BTV
2001-02-17 06:45:00,-7,612,TPA,BNA
2001-02-17 07:03:00,0,253,ABE,PIT
2001-02-17 09:28:00,-23,544,CLT,LGA
2001-02-17 09:30:00,0,1977,BNA,SEA
2001-02-17 09:47:00,-3,201,PIT,DTW
2001-02-17 09:59:00,123,378,BGR,LGA
2001-02-17 10:29:00,23,718,MCO,SDF
2001-02-17 11:10:00,-9,1020,MSP,LGA
2001-02-17 11:45:00,129,432,DAY,ATL
2001-02-17 11:49:00,-18,309,MAF,DFW
2001-02-17 12:26:00,-8,337,LAX,SFO
2001-02-17 13:25:00,0,480,SMF,SAN
2001-02-17 15:06:00,-21,1144,PBI,ORD
2001-02-17 16:45:00,-27,906,MSP,ATL
2001-02-17 17:10:00,15,338,PHX,SNA
2001-02-17 18:29:00,16,247,SAT,DFW
2001-02-17 18:42:00,10,130,ILE,DFW
2001-02-17 18:59:00,24,599,SLC,SFO
2001-02-17 19:05:00,-13,113,DFW,SPS
2001-02-17 19:07:00,5,2125,CLT,LAX
2001-02-17 19:40:00,-4,191,CAE,ATL
2001-02-17 20:25:00,-10,843,PHX,SAT
2001-02-17 21:10:00,10,247,DFW,SAT
2001-02-18 06:23:00,-3,164,CRW,PIT
2001-02-18 07:47:00,2,1182,FLL,ORD
2001-02-18 07:50:00,-12,646,PHX,OAK
2001-02-18 08:26:00,-2,761,ATL,LGA
2001-02-18 08:32:00,-8,1220,LGB,DFW
2001-02-18 10:56:00,11,83,CLT,GSO
2001-02-18 11:39:00,-15,696,ATL,HOU
2001-02-18 13:27:00,6,575,CLT,STL
2001-02-18 14:21:00,10,328,DFW,ICT
2001-02-18 15:15:00,2,163,KOA,HNL
2001-02-18 16:21:00,21,562,IAH,BHM
2001-02-18 16:30:00,12,590,SLC,LAX
2001-02-18 17:08:00,-13,606,ORD,ATL
2001-02-18 17:33:00,2,460,DFW,MCI
2001-02-18 19:25:00,0,296,LIT,STL
2001-02-18 19:27:00,-16,1222,LAS,IAH
2001-02-18 19:53:00,0,553,PIT,STL
2001-02-18 20:32:00,5,1635,IAH,SFO
2001-02-19 05:39:00,15,304,LIT,DFW
2001-02-19 06:30:00,6,193,MIA,MCO
2001-02-19 07:15:00,10,966,BWI,MCI
2001-02-19 08:20:00,-2,189,SJC,RNO
2001-02-19 08:51:00,21,2521,PHL,SFO
2001-02-19 09:05:00,-38,544,LGA,CLT
2001-02-19 11:09:00,-9,240,ORD,DAY
2001-02-19 12:04:00,-9,313,DCA,BDL
2001-02-19 14:34:00,75,589,IAD,ORD
2001-02-19 14:35:00,-5,351,STL,TUL
2001-02-19 14:56:00,-27,733,LGA,ORD
2001-02-19 16:13:00,30,1946,ATL,LAX
2001-02-19 16:40:00,-13,634,MEM,RDU
2001-02-19 17:14:00,-16,717,ORF,ORD
2001-02-19 17:20:00,-14,341,ATL,JAN
2001-02-19 18:08:00,10,334,MSP,ORD
2001-02-19 19:34:00,8,496,SAT,ELP
2001-02-20 07:41:00,24,1199,DEN,ATL
2001-02-20 08:00:00,-12,1557,DEN,PHL
2001-02-20 09:20:00,-7,569,ABQ,DFW
2001-02-20 11:26:00,7,140,AUS,IAH
2001-02-20 11:53:00,5,588,SLC,SNA
2001-02-20 12:06:00,8,193,MCO,MIA
2001-02-20 12:22:00,0,906,ABE,MCO
2001-02-20 12:30:00,0,829,TPA,CMH
2001-02-20 13:05:00,21,515,RSW,ATL
2001-02-20 13:26:00,-11,351,TUL,STL
2001-02-20 13:40:00,20,1634,STT,EWR
2001-02-20 14:35:00,-6,303,HOU,MSY
2001-02-20 16:33:00,-1,432,MEM,OKC
2001-02-20 16:58:00,5,946,ATL,BOS
2001-02-20 17:55:00,17,334,JAX,MIA
2001-02-20 18:59:00,-22,1192,DFW,DCA
2001-02-20 19:36:00,23,235,DTW,ORD
2001-02-20 19:37:00,-3,1065,FLL,EWR
2001-02-20 20:15:00,4,197,TPA,FLL
2001-02-20 20:44:00,-3,1024,PBI,EWR
2001-02-21 06:20:00,-9,118,FAY,CLT
2001-02-21 06:22:00,10,408,JAN,DFW
2001-02-21 07:10:00,-9,1107,PHX,SEA
2001-02-21 07:13:00,-14,1946,LAX,ATL
2001-02-21 07:54:00,-9,1008,EWR,MSP
2001-02-21 08:22:00,9,862,LAX,DEN
2001-02-21 09:27:00,-31,544,CLT,LGA
2001-02-21 09:35:00,-5,866,LAS,SEA
2001-02-21 10:36:00,8,889,OAK,ABQ
2001-02-21 11:45:00,4,314,BWI,CLE
2001-02-21 12:04:00,26,109,LAX,SAN
2001-02-21 12:46:00,4,236,LAS,LAX
2001-02-21 13:00:00,-31,1034,MSP,IAH
2001-02-21 13:54:00,-11,481,ATL,RIC
2001-02-21 14:04:00,36,761,LGA,ATL
2001-02-21 16:09:00,22,347,PHX,ELP
2001-02-21 17:03:00,-6,643,MCI,IAH
2001-02-21 18:01:00,-4,404,SNA,SMF
2001-02-21 18:58:00,6,126,MIA,EYW
2001-02-21 19:07:00,-5,1440,ORD,PHX
2001-02-21 22:27:00,7,2475,LAX,JFK
2001-02-22 06:20:00,-11,213,DCA,JFK
2001-02-22 06:50:00,-7,355,LGB,PHX
2001-02-22 06:57:00,14,723,ORD,ALB
2001-02-22 08:41:00,-14,1946,LAX,ATL
2001-02-22 08:57:00,21,722,STL,AUS
2001-02-22 09:05:00,5,129,LIT,MEM
2001-02-22 09:19:00,9,326,IAD,BDL
2001-02-22 09:20:00,3,819,DEN,ONT
2001-02-22 09:26:00,-15,120,CLT,TRI
2001-02-22 10:56:00,22,370,PHX,LAX
2001-02-22 12:41:00,10,280,BOS,PHL
2001-02-22 13:41:00,27,2556,HNL,LAX
2001-02-22 13:45:00,23,1140,MCI,LAS
2001-02-22 14:05:00,41,585,TUL,ORD
2001-02-22 14:18:00,-2,103,DFW,TYR
2001-02-22 14:25:00,-1,491,ORD,MEM
2001-02-22 15:58:00,48,1830,SJC,ORD
2001-02-22 17:43:00,12,758,IAD,MCO
2001-02-22 17:46:00,0,954,SEA,LAX
2001-02-22 17:59:00,14,550,SFO,PDX
2001-02-22 18:55:00,-1,977,DEN,IND
2001-02-22 19:08:00,20,1201,DEN,CLE
2001-02-22 20:55:00,97,413,CVG,RIC
2001-02-22 22:20:00,5,545,ATL,PBI
2001-02-22 22:35:00,140,197,TPA,FLL
2001-02-22 22:41:00,72,184,JFK,BWI
2001-02-23 06:00:00,5,371,OAK,SNA
2001-02-23 06:30:00,-4,491,ORD,MEM
2001-02-23 06:30:00,6,436,MSO,SLC
2001-02-23 08:41:00,3,979,RSW,STL
2001-02-23 10:30:00,0,337,OAK,LAX
2001-02-23 10:55:00,-2,288,BWI,ALB
2001-02-23 11:09:00,-5,758,MCO,IAD
2001-02-23 11:46:00,33,1119,FLL,DFW
2001-02-23 13:15:00,-7,622,MSP,CLE
2001-02-23 13:20:00,10,308,SJC,LAX
2001-02-23 13:47:00,95,393,HOU,LIT
2001-02-23 14:20:00,4,1050,SEA,SAN
2001-02-23 14:38:00,34,1156,SLC,STL
2001-02-23 14:55:00,-9,862,LAX,DEN
2001-02-23 15:23:00,3,338,SNA,PHX
2001-02-23 16:15:00,-7,351,TUL,STL
2001-02-23 17:18:00,14,853,MKE,DFW
2001-02-23 17:55:00,-10,262,SBA,SFO
2001-02-23 22:31:00,-3,2288,LAX,IAD
2001-02-23 22:45:00,94,866,SEA,LAS
2001-02-24 07:03:00,33,762,IND,DFW
2001-02-24 10:40:00,3,304,PHX,SAN
2001-02-24 11:07:00,91,1235,DFW,LAX
2001-02-24 11:20:00,100,1117,IAH,PIT
2001-02-24 11:35:00,55,251,MDW,STL
2001-02-24 12:35:00,76,550,PDX,SFO
2001-02-24 12:53:00,-6,920,TPA,PHL
2001-02-24 13:22:00,15,732,ATL,DFW
2001-02-24 14:19:00,1,899,DCA,FLL
2001-02-24 14:35:00,-1,361,BWI,CLT
2001-02-24 15:22:00,-7,488,PNS,CLT
2001-02-24 15:46:00,170,1372,DFW,EWR
2001-02-24 16:00:00,53,282,LBB,DFW
2001-02-24 16:02:00,17,872,STL,EWR
2001-02-24 17:38:00,1,2053,CLE,LAX
2001-02-24 18:54:00,-4,406,TPA,ATL
2001-02-24 20:30:00,4,337,SFO,LAX
2001-02-24 21:23:00,116,813,DFW,TUS
2001-02-25 06:57:00,4,762,IND,DFW
2001-02-25 07:19:00,-2,1929,MCO,SLC
2001-02-25 08:20:00,12,2072,ORD,SJU
2001-02-25 08:54:00,2,1946,LAX,ATL
2001-02-25 10:07:00,43,1781,ORD,SMF
2001-02-25 10:30:00,24,967,DEN,SFO
2001-02-25 10:55:00,-6,866,SEA,LAS
2001-02-25 13:07:00,199,409,BNA,ORD
2001-02-25 13:12:00,-8,495,OKC,DEN
2001-02-25 13:24:00,41,722,SJC,TUS
2001-02-25 14:40:00,73,843,ORD,MHT
2001-02-25 14:41:00,98,679,SEA,SFO
2001-02-25 16:43:00,161,837,MSY,ORD
2001-02-25 16:54:00,138,416,OMA,ORD
2001-02-25 17:34:00,-11,595,ATL,MIA
2001-02-25 17:45:00,47,255,RDU,BWI
2001-02-25 17:54:00,5,288,GRB,DTW
2001-02-25 18:34:00,-4,541,TUL,DEN
2001-02-25 19:40:00,67,258,SAN,LAS
2001-02-25 19:41:00,57,1249,ORD,SLC
2001-02-25 21:44:00,-5,553,STL,PIT
2001-02-25 22:27:00,24,679,SFO,SEA
2001-02-25 22:40:00,0,2486,OGG,LAX
2001-02-25 23:01:00,33,185,LGA,BOS
2001-02-26 06:01:00,1,991,PDX,DEN
2001-02-26 06:50:00,13,1399,SEA,MSP
2001-02-26 07:15:00,9,678,PHL,ORD
2001-02-26 07:44:00,90,264,CVG,ORD
2001-02-26 09:14:00,35,1865,CVG,SAN
2001-02-26 09:35:00,-4,328,BWI,PVD
2001-02-26 11:47:00,-7,130,ORD,PIA
2001-02-26 12:33:00,-13,283,BDL,BWI
2001-02-26 12:45:00,-1,849,PVD,ORD
2001-02-26 13:29:00,-14,240,DTW,BUF
2001-02-26 13:31:00,-8,468,CLT,MCO
2001-02-26 14:23:00,-11,403,MCI,ORD
2001-02-26 15:12:00,18,223,FAR,MSP
2001-02-26 16:07:00,56,280,PHL,BOS
2001-02-26 16:28:00,-17,2475,LAX,JFK
2001-02-26 17:07:00,-5,1870,MEM,SEA
2001-02-26 18:54:00,-7,109,ORD,MSN
2001-02-26 19:37:00,10,390,SMF,ONT
2001-02-26 19:57:00,-2,1498,ORD,GEG
2001-02-26 20:04:00,13,528,ROC,ORD
2001-02-26 20:44:00,-2,240,ORD,DAY
2001-02-26 21:30:00,-8,495,BWI,SDF
2001-02-27 06:25:00,20,313,MCI,OKC
2001-02-27 06:54:00,-15,316,CLE,ORD
2001-02-27 07:41:00,1,209,LAX,FAT
2001-02-27 08:22:00,-12,137,ORD,GRR
2001-02-27 08:41:00,-1,908,IAD,MSP
2001-02-27 10:20:00,33,178,FLL,MCO
2001-02-27 10:34:00,50,336,PHL,BTV
2001-02-27 12:05:00,0,307,CLE,MDW
2001-02-27 14:56:00,24,585,TUL,ORD
2001-02-27 15:19:00,-10,689,ATL,IAH
2001-02-27 16:07:00,47,457,DTW,BNA
2001-02-27 17:03:00,-7,1197,MIA,ORD
2001-02-27 18:43:00,1,1157,IAH,RIC
2001-02-27 21:00:00,-4,168,CLT,CHS
2001-02-27 21:05:00,19,338,SNA,PHX
2001-02-27 21:40:00,10,447,SAN,SFO
2001-02-28 06:03:00,-7,403,MCI,ORD
2001-02-28 06:22:00,1,373,ATL,CVG
2001-02-28 07:19:00,8,89,LAX,SBA
2001-02-28 07:22:00,0,1307,MSP,TPA
2001-02-28 07:51:00,27,1076,FLL,LGA
2001-02-28 07:55:00,-20,316,ORD,CLE
2001-02-28 08:00:00,4,288,BWI,ALB
2001-02-28 08:18:00,-14,678,ORD,PHL
2001-02-28 08:20:00,7,180,TPA,JAX
2001-02-28 08:57:00,1,512,MEM,CLT
2001-02-28 09:56:00,-1,606,ATL,ORD
2001-02-28 10:30:00,-19,235,DTW,ORD
2001-02-28 11:15:00,12,405,MDW,MCI
2001-02-28 11:36:00,7,440,STL,DTW
2001-02-28 13:08:00,3,892,STL,JFK
2001-02-28 14:29:00,10,1379,IAH,LAX
2001-02-28 14:56:00,-7,612,DCA,ORD
2001-02-28 15:15:00,24,313,MCI,OKC
2001-02-28 15:31:00,53,256,PHX,LAS
2001-02-28 17:10:00,20,687,HOU,STL
2001-02-28 17:27:00,21,1124,BOS,MSP
2001-02-28 18:05:00,19,261,ANC,FAI
2001-02-28 19:39:00,6,1097,MIA,LGA
2001-03-01 06:21:00,-2,1121,DFW,MIA
2001-03-01 06:27:00,-6,594,MDT,ORD
2001-03-01 06:30:00,10,189,DAL,AUS
2001-03-01 06:56:00,-3,237,MCI,STL
2001-03-01 07:25:00,-15,612,ORD,DCA
2001-03-01 07:50:00,-4,254,STL,SDF
2001-03-01 08:03:00,4,1324,PHL,IAH
2001-03-01 10:34:00,14,997,TPA,MDW
2001-03-01 10:45:00,-10,787,BWI,MCO
2001-03-01 11:00:00,-10,487,EWR,DTW
2001-03-01 13:30:00,3,279,GEG,PDX
2001-03-01 15:52:00,5,257,PHL,ROC
2001-03-01 16:42:00,-9,762,MEM,DCA
2001-03-01 18:07:00,-12,240,ORD,DAY
2001-03-01 18:12:00,7,299,DSM,ORD
2001-03-01 19:04:00,146,1024,EWR,PBI
2001-03-01 19:11:00,23,328,PHX,ABQ
2001-03-01 19:42:00,109,834,LAX,PDX
2001-03-01 21:27:00,55,595,ATL,MIA
2001-03-01 22:13:00,20,1416,IAH,LGA
2001-03-02 06:42:00,-10,1726,SNA,ORD
2001-03-02 07:00:00,-15,1092,MCI,EWR
2001-03-02 07:07:00,14,998,TPA,EWR
2001-03-02 07:39:00,-19,1400,IAH,EWR
2001-03-02 07:40:00,36,719,EWR,ORD
2001-03-02 08:24:00,15,1053,SYR,MCO
2001-03-02 09:00:00,8,308,SJC,LAX
2001-03-02 12:35:00,13,480,SAN,SMF
2001-03-02 12:37:00,55,1034,SRQ,EWR
2001-03-02 13:21:00,2,733,SDF,DFW
2001-03-02 14:48:00,-17,872,AUS,PHX
2001-03-02 17:07:00,2,229,DTW,MDW
2001-03-02 17:31:00,16,892,JFK,STL
2001-03-02 17:52:00,-8,813,STL,PHL
2001-03-02 18:06:00,-16,454,BTV,PIT
2001-03-02 18:40:00,-14,888,JAN,BWI
2001-03-02 20:29:00,19,214,DCA,LGA
2001-03-03 00:57:00,-5,1399,SEA,MSP
2001-03-03 06:29:00,5,347,ELP,PHX
2001-03-03 07:10:00,-12,236,LAS,LAX
2001-03-03 07:48:00,46,151,HSV,ATL
2001-03-03 07:54:00,-14,383,BTR,DFW
2001-03-03 08:03:00,1,692,ATL,MCI
2001-03-03 10:18:00,-5,387,LAS,SJC
2001-03-03 10:28:00,-19,337,LAX,SFO
2001-03-03 11:59:00,-19,185,BOS,LGA
2001-03-03 13:32:00,-4,261,ANC,FAI
2001-03-03 14:03:00,-11,981,ABQ,MSP
2001-03-03 14:30:00,-4,370,PHX,LAX
2001-03-03 15:45:00,18,1044,PHX,MCI
2001-03-03 17:14:00,-12,1736,STL,SFO
2001-03-03 17:18:00,23,634,MEM,RDU
2001-03-03 17:32:00,-1,89,DFW,ACT
2001-03-03 17:55:00,-3,667,RDU,STL
2001-03-03 18:47:00,3,576,BWI,ATL
2001-03-03 20:29:00,-10,109,SAN,LAX
2001-03-03 21:30:00,102,468,BOS,ORF
2001-03-03 21:54:00,2,484,ATL,STL
2001-03-03 23:25:00,9,2416,HNL,SJC
2001-03-04 06:25:00,3,399,SEA,BOI
2001-03-04 07:01:00,-5,528,MSP,DTW
2001-03-04 07:38:00,-10,1222,IAH,LAS
2001-03-04 08:45:00,-10,313,OKC,MCI
2001-03-04 08:58:00,-8,314,CLE,BWI
2001-03-04 10:13:00,30,967,DEN,SFO
2001-03-04 10:19:00,8,678,ORD,PHL
2001-03-04 11:09:00,12,606,ORD,ATL
2001-03-04 11:54:00,0,1674,BOS,SJU
2001-03-04 12:47:00,21,992,PHL,FLL
2001-03-04 13:55:00,-13,491,MEM,ORD
2001-03-04 14:02:00,21,413,IAD,BOS
2001-03-04 15:50:00,11,587,BNA,BWI
2001-03-04 17:18:00,39,325,ONT,PHX
2001-03-04 18:02:00,-6,351,LFT,DFW
2001-03-04 19:44:00,-15,1515,ORD,LAS
2001-03-04 20:20:00,57,589,SLC,OAK
2001-03-04 20:48:00,11,1009,IAH,PHX
2001-03-04 21:03:00,7,324,DAL,AMA
2001-03-04 21:03:00,9,529,DTW,ORF
2001-03-04 21:17:00,23,296,STL,LIT
2001-03-05 06:41:00,-11,412,ORD,PIT
2001-03-05 06:45:00,-3,319,MAF,DAL
2001-03-05 07:41:00,-14,338,PHX,SNA
2001-03-05 07:58:00,-22,967,SFO,DEN
2001-03-05 08:23:00,-2,491,MEM,ORD
2001-03-05 10:36:00,-6,930,RSW,CMH
2001-03-05 12:15:00,1,689,SEA,SLC
2001-03-05 12:18:00,73,196,BDL,PHL
2001-03-05 14:30:00,28,332,ABQ,MAF
2001-03-05 15:02:00,-7,1825,PDX,IAH
2001-03-05 17:00:00,5,1399,MSP,SEA
2001-03-05 17:25:00,9,868,DFW,PHX
2001-03-05 17:31:00,1,310,DCA,CLE
2001-03-05 17:39:00,-10,488,CLT,PNS
2001-03-05 17:59:00,-14,588,SNA,SLC
2001-03-05 18:10:00,-18,802,ORD,DFW
2001-03-05 18:50:00,82,925,IAH,ORD
2001-03-05 19:05:00,-6,387,SJC,LAS
2001-03-05 20:00:00,-3,802,DFW,ORD
2001-03-05 20:35:00,25,308,SJC,LAX
2001-03-05 20:55:00,22,605,SMF,SEA
2001-03-06 05:54:00,0,164,CLL,DFW
2001-03-06 06:20:00,0,843,SAT,PHX
2001-03-06 06:44:00,5,920,MIA,DCA
2001-03-06 07:14:00,-4,543,PDX,OAK
2001-03-06 07:29:00,2,259,CHS,ATL
2001-03-06 07:39:00,-13,1726,SNA,ORD
2001-03-06 08:08:00,-13,228,SJT,DFW
2001-03-06 08:30:00,-13,687,STL,HOU
2001-03-06 08:35:00,-2,888,JAN,BWI
2001-03-06 09:39:00,-21,629,MCI,DTW
2001-03-06 10:10:00,-18,1107,PHX,SEA
2001-03-06 11:46:00,-5,256,PHX,LAS
2001-03-06 12:08:00,15,1587,ATL,PHX
2001-03-06 12:36:00,19,89,LAX,SBA
2001-03-06 13:17:00,-4,235,ORD,DTW
2001-03-06 14:44:00,14,155,LAX,SBP
2001-03-06 15:00:00,2,362,OAK,ONT
2001-03-06 15:40:00,-7,2133,PHX,EWR
2001-03-06 17:38:00,-3,305,IAH,MSY
2001-03-06 18:49:00,0,410,CMH,STL
2001-03-06 19:47:00,-8,813,ATL,AUS
2001-03-06 19:57:00,0,256,PHX,LAS
2001-03-06 20:34:00,-9,189,RNO,SJC
2001-03-06 20:40:00,-2,303,HOU,MSY
2001-03-06 20:54:00,11,569,DFW,ABQ
2001-03-06 21:21:00,4,256,PHX,LAS
2001-03-06 22:23:00,-4,1055,DFW,LAS
2001-03-06 22:33:00,2,269,ELP,TUS
2001-03-07 05:56:00,1,700,MEM,MSP
2001-03-07 06:35:00,-1,215,LSE,ORD
2001-03-07 06:55:00,-3,196,PHL,BDL
2001-03-07 07:03:00,-14,235,ORD,DTW
2001-03-07 07:16:00,-8,342,SJC,SNA
2001-03-07 08:08:00,0,646,ALB,CLT
2001-03-07 08:32:00,1,413,IAD,BOS
2001-03-07 08:40:00,25,2182,SEA,ATL
2001-03-07 08:43:00,23,1017,RSW,DFW
2001-03-07 09:15:00,-2,395,BNA,MDW
2001-03-07 09:15:00,-5,1389,DFW,LGA
2001-03-07 10:10:00,-7,481,ATL,RIC
2001-03-07 11:01:00,-28,938,EWR,MCO
2001-03-07 12:25:00,-15,501,RDU,DTW
2001-03-07 12:47:00,-12,1024,PBI,EWR
2001-03-07 13:28:00,12,692,ATL,MCI
2001-03-07 13:35:00,-14,744,ABQ,IAH
2001-03-07 13:39:00,-7,190,SHV,DFW
2001-03-07 15:01:00,-7,231,DTW,IND
2001-03-07 16:38:00,-8,395,OKC,IAH
2001-03-07 17:19:00,1,190,DFW,AUS
2001-03-07 17:22:00,-1,1024,SEA,DEN
2001-03-07 17:29:00,-11,259,CHS,ATL
2001-03-07 18:17:00,0,496,BOS,PIT
2001-03-07 18:35:00,-4,446,OAK,SAN
2001-03-07 19:05:00,0,491,BNA,MCI
2001-03-07 19:24:00,10,251,MDW,STL
2001-03-07 19:25:00,-4,719,EWR,ORD
2001-03-07 20:37:00,35,347,ELP,PHX
2001-03-07 21:13:00,12,1619,MEM,LAX
2001-03-07 22:45:00,-13,762,LAS,PDX
2001-03-08 06:24:00,2,950,LGA,MCO
2001-03-08 06:50:00,12,334,SJC,ONT
2001-03-08 06:55:00,-14,377,BWI,MHT
2001-03-08 06:57:00,-5,762,IND,DFW
2001-03-08 07:02:00,-12,1145,DTW,MIA
2001-03-08 08:07:00,13,1745,LAX,ORD
2001-03-08 08:17:00,-18,98,MBS,DTW
2001-03-08 08:56:00,-4,812,CVG,DFW
2001-03-08 09:14:00,1,2161,CLE,SFO
2001-03-08 11:12:00,4,100,OGG,HNL
2001-03-08 13:22:00,13,984,DFW,MCO
2001-03-08 13:29:00,12,305,IAH,MSY
2001-03-08 13:46:00,18,547,CLT,SRQ
2001-03-08 14:16:00,-6,654,ORD,ABE
2001-03-08 15:03:00,159,526,PIT,ATL
2001-03-08 16:57:00,-28,1515,ORD,LAS
2001-03-08 18:17:00,16,634,JAX,DCA
2001-03-08 18:47:00,73,334,MSP,ORD
2001-03-08 19:19:00,-7,228,DFW,FSM
2001-03-08 20:38:00,119,868,PHX,DFW
2001-03-08 21:10:00,22,984,DFW,MCO
2001-03-08 21:45:00,-8,1172,IAD,DFW
2001-03-08 21:50:00,12,328,ABQ,PHX
2001-03-08 22:44:00,8,1946,LAX,ATL
2001-03-09 08:41:00,44,184,JFK,BWI
2001-03-09 09:08:00,-14,1041,ORD,SAT
2001-03-09 09:10:00,-24,1515,ORD,LAS
2001-03-09 09:40:00,21,589,IAD,ORD
2001-03-09 09:53:00,-12,590,DSM,DEN
2001-03-09 09:58:00,-4,334,MSP,ORD
2001-03-09 10:02:00,-15,116,BMI,ORD
2001-03-09 10:15:00,15,308,SJC,LAX
2001-03-09 12:15:00,0,478,MCO,BHM
2001-03-09 13:05:00,25,323,BHM,SDF
2001-03-09 13:15:00,-15,1608,SJU,EWR
2001-03-09 14:10:00,22,587,PHL,IND
2001-03-09 14:29:00,55,1055,LAS,DFW
2001-03-09 14:39:00,-6,432,DFW,MEM
2001-03-09 14:54:00,53,109,LAX,BFL
2001-03-09 15:15:00,0,853,MCO,IAH
2001-03-09 16:04:00,2,1085,AUS,SLC
2001-03-09 16:06:00,-11,374,SYR,DTW
2001-03-09 17:21:00,-10,341,ATL,JAN
2001-03-09 17:35:00,-3,928,AUS,TPA
2001-03-09 18:42:00,-2,432,OKC,MEM
2001-03-09 21:03:00,-15,193,MCO,MIA
2001-03-09 21:03:00,57,187,BOS,JFK
2001-03-09 23:12:00,-5,584,ELP,LAS
2001-03-10 00:16:00,1,1464,SFO,DFW
2001-03-10 00:42:00,-5,1235,LAX,DFW
2001-03-10 06:20:00,-4,472,OMA,DEN
2001-03-10 06:27:00,18,370,BWI,BOS
2001-03-10 06:45:00,-5,162,MDW,IND
2001-03-10 06:53:00,-4,468,MCO,CLT
2001-03-10 07:28:00,12,2585,MIA,SFO
2001-03-10 09:57:00,-10,1836,OAK,ORD
2001-03-10 10:47:00,13,1011,LGA,TPA
2001-03-10 11:29:00,12,1021,MIA,IND
2001-03-10 11:49:00,12,991,DEN,PDX
2001-03-10 12:00:00,-9,1515,LAS,ORD
2001-03-10 14:50:00,9,587,TPA,RDU
2001-03-10 17:30:00,-2,397,SMF,LAS
2001-03-10 18:04:00,4,3711,OGG,DFW
2001-03-10 18:10:00,-3,148,HOU,AUS
2001-03-10 19:10:00,-4,255,BWI,RDU
2001-03-10 19:50:00,5,365,TUS,LAS
2001-03-10 22:06:00,0,532,SLC,SMF
2001-03-10 22:29:00,10,190,DFW,AUS
2001-03-10 22:29:00,-7,247,DFW,SAT
2001-03-11 05:31:00,1,137,GRR,ORD
2001-03-11 07:17:00,-8,1045,MIA,SJU
2001-03-11 07:50:00,-19,1448,PHX,BNA
2001-03-11 08:27:00,-3,1041,ORD,SAT
2001-03-11 08:44:00,-4,513,CVG,LIT
2001-03-11 08:55:00,-5,308,SJC,LAX
2001-03-11 09:05:00,-3,192,HOU,SAT
2001-03-11 09:51:00,4,318,MKE,CVG
2001-03-11 10:23:00,86,1389,LGA,DFW
2001-03-11 11:42:00,44,337,LAX,OAK
2001-03-11 11:46:00,18,1117,PIT,IAH
2001-03-11 12:11:00,9,1736,SFO,STL
2001-03-11 12:59:00,-30,733,ORD,LGA
2001-03-11 13:05:00,22,671,OAK,SEA
2001-03-11 13:17:00,-8,998,MSY,BWI
2001-03-11 13:20:00,0,1813,PHX,PIT
2001-03-11 15:18:00,-8,786,SAT,STL
2001-03-11 16:24:00,-16,447,SAN,SFO
2001-03-11 17:30:00,13,390,LAX,RNO
2001-03-11 17:31:00,-15,326,BUR,SFO
2001-03-11 17:37:00,1,787,BWI,MCO
2001-03-11 18:16:00,20,370,STL,LNK
2001-03-11 19:20:00,-6,935,TUL,PHX
2001-03-11 19:20:00,14,1076,LGA,FLL
2001-03-11 19:36:00,-4,256,CVG,PIT
2001-03-11 19:48:00,45,1097,MIA,LGA
2001-03-11 19:56:00,1,308,LAX,SJC
2001-03-11 20:59:00,15,1609,IAH,SMF
2001-03-11 21:22:00,6,313,OKC,MCI
2001-03-11 22:10:00,5,308,SJC,LAX
2001-03-11 22:47:00,-2,2053,LAX,CLE
2001-03-12 06:40:00,1,1750,DTW,LAS
2001-03-12 07:53:00,0,267,LAX,MRY
2001-03-12 09:20:00,5,583,DFW,OMA
2001-03-12 09:39:00,130,303,MSY,HOU
2001-03-12 11:02:00,2,783,BDL,ORD
2001-03-12 11:59:00,32,1426,MSP,PDX
2001-03-12 12:59:00,14,966,RSW,PIT
2001-03-12 15:11:00,-20,2704,BOS,SFO
2001-03-12 17:05:00,6,237,STL,MCI
2001-03-12 17:45:00,50,1671,ORD,RNO
2001-03-12 17:54:00,16,215,PIT,DAY
2001-03-12 18:10:00,-4,108,PVD,ISP
2001-03-12 18:54:00,-4,221,CVG,CLE
2001-03-12 20:16:00,-11,110,PSP,LAX
2001-03-12 21:33:00,-1,881,STL,MCO
2001-03-13 06:28:00,-5,495,OKC,DEN
2001-03-13 07:06:00,6,515,RSW,ATL
2001-03-13 07:28:00,18,481,RIC,ATL
2001-03-13 09:21:00,49,200,BOS,EWR
2001-03-13 11:25:00,-4,152,DEN,GUC
2001-03-13 12:04:00,6,1249,ORD,SLC
2001-03-13 12:05:00,7,347,PHX,ELP
2001-03-13 12:10:00,-5,1576,PHL,SJU
2001-03-13 13:10:00,-9,1012,ORD,TPA
2001-03-13 13:36:00,-4,592,COS,DFW
2001-03-13 13:41:00,24,1372,EWR,DFW
2001-03-13 14:00:00,0,341,JAN,ATL
2001-03-13 16:25:00,37,2072,SJU,ORD
2001-03-13 16:55:00,10,324,DAL,AMA
2001-03-13 17:30:00,-14,742,PHL,JAX
2001-03-13 17:53:00,8,759,HOU,ABQ
2001-03-13 17:55:00,20,573,ROC,CLT
2001-03-13 18:47:00,-3,784,STL,ORF
2001-03-13 18:50:00,4,181,OAK,RNO
2001-03-13 19:56:00,-4,602,PHX,DEN
2001-03-14 07:57:00,2,733,LGA,ORD
2001-03-14 08:25:00,-12,229,MDW,DTW
2001-03-14 08:45:00,-17,737,STL,BWI
2001-03-14 09:00:00,0,256,PHX,LAS
2001-03-14 09:06:00,13,508,GSP,DTW
2001-03-14 09:21:00,3,539,CVG,MCI
2001-03-14 10:39:00,-9,236,LAX,LAS
2001-03-14 11:25:00,21,689,SLC,SEA
2001-03-14 11:39:00,11,550,STL,DFW
2001-03-14 11:40:00,7,297,SJC,BUR
2001-03-14 12:53:00,-13,550,DFW,STL
2001-03-14 12:56:00,8,410,CMH,STL
2001-03-14 12:59:00,1,1078,CVG,COS
2001-03-14 13:00:00,15,321,SDF,ATL
2001-03-14 13:19:00,-5,674,MIA,MSY
2001-03-14 14:32:00,56,337,OAK,LAX
2001-03-14 16:34:00,-6,282,OMA,MSP
2001-03-14 17:10:00,15,1391,JFK,DFW
2001-03-14 17:14:00,-7,600,CLT,RSW
2001-03-14 19:03:00,7,98,MBS,DTW
2001-03-14 19:27:00,-2,351,TUL,STL
2001-03-14 19:56:00,7,742,PHL,JAX
2001-03-14 20:08:00,-9,184,BWI,JFK
2001-03-14 20:38:00,-10,321,IAD,CLT
2001-03-14 20:43:00,-3,356,ATL,RDU
2001-03-14 20:45:00,-6,342,SNA,SJC
2001-03-14 21:30:00,-8,273,ORD,EVV
2001-03-14 22:38:00,-1,164,DFW,CLL
2001-03-15 06:12:00,-10,599,SFO,SLC
2001-03-15 06:57:00,21,2565,SFO,EWR
2001-03-15 08:25:00,-13,1107,SEA,PHX
2001-03-15 08:34:00,33,453,LIT,ATL
2001-03-15 10:23:00,3,533,ATL,IAD
2001-03-15 10:36:00,15,341,JAN,ATL
2001-03-15 12:50:00,62,247,DFW,SAT
2001-03-15 13:00:00,-8,892,STL,JFK
2001-03-15 13:20:00,0,737,STL,BWI
2001-03-15 16:11:00,121,416,OMA,ORD
2001-03-15 17:51:00,0,853,MCO,IAH
2001-03-15 18:53:00,-3,290,CLT,ORF
2001-03-15 20:50:00,34,240,DAY,ORD
2001-03-15 21:10:00,0,371,SNA,OAK
2001-03-15 22:48:00,205,1119,DFW,FLL
2001-03-16 08:04:00,-7,164,DFW,CLL
2001-03-16 08:12:00,-2,306,SDF,DTW
2001-03-16 08:15:00,10,321,MSY,BHM
2001-03-16 08:20:00,7,1044,MCI,PHX
2001-03-16 08:23:00,12,484,ATL,STL
2001-03-16 08:55:00,-5,187,CRP,HOU
2001-03-16 09:11:00,31,881,MCO,STL
2001-03-16 09:15:00,-8,308,LAX,SJC
2001-03-16 10:26:00,0,190,AUS,DFW
2001-03-16 11:03:00,1,1121,MIA,DFW
2001-03-16 11:57:00,-28,2475,JFK,LAX
2001-03-16 12:45:00,-5,337,LAX,SFO
2001-03-16 12:54:00,-4,166,HPN,BOS
2001-03-16 14:28:00,16,938,MCO,EWR
2001-03-16 15:09:00,2,440,DTW,STL
2001-03-16 15:51:00,-5,533,MCI,DEN
2001-03-16 16:20:00,62,719,ORD,EWR
2001-03-16 16:23:00,20,580,ABQ,DAL
2001-03-16 16:30:00,50,410,STL,CMH
2001-03-16 16:54:00,-1,298,SYR,DCA
2001-03-16 18:35:00,-1,689,SEA,SLC
2001-03-16 19:54:00,-7,1504,EWR,AUS
2001-03-16 20:06:00,59,892,STL,JFK
2001-03-16 22:21:00,-7,328,DFW,ICT
2001-03-17 06:26:00,7,984,MCO,DFW
2001-03-17 06:57:00,0,2586,JFK,SFO
2001-03-17 07:05:00,-10,622,CLE,MSP
2001-03-17 08:26:00,-13,1008,MSP,EWR
2001-03-17 10:10:00,-7,342,SJC,SNA
2001-03-17 11:17:00,19,118,FAY,CLT
2001-03-17 12:31:00,37,491,ORD,MEM
2001-03-17 13:38:00,9,642,RIC,ORD
2001-03-17 13:55:00,9,576,ATL,BWI
2001-03-17 14:00:00,12,829,CMH,TPA
2001-03-17 14:20:00,15,451,TUS,LAX
2001-03-17 14:23:00,19,872,AUS,PHX
2001-03-17 14:44:00,81,1235,IAH,BWI
2001-03-17 15:00:00,-13,2288,IAD,LAX
2001-03-17 15:26:00,49,231,IND,DTW
2001-03-17 15:55:00,-21,1139,STX,MIA
2001-03-17 17:01:00,-20,978,AUS,ORD
2001-03-17 17:42:00,-6,834,MCO,PIT
2001-03-17 18:00:00,113,152,ATL,TYS
2001-03-17 18:50:00,-28,1390,HOU,LAX
2001-03-17 19:59:00,-19,850,DEN,BUR
2001-03-17 20:30:00,-32,214,LGA,DCA
2001-03-18 05:59:00,-1,174,PBI,TPA
2001-03-18 06:59:00,-14,211,BHM,MEM
2001-03-18 07:12:00,20,920,TPA,PHL
2001-03-18 08:30:00,0,445,ATL,SRQ
2001-03-18 09:32:00,-3,954,SEA,LAX
2001-03-18 10:00:00,-8,592,DFW,COS
2001-03-18 10:00:00,-4,254,STL,SDF
2001-03-18 11:36:00,-4,259,STL,DSM
2001-03-18 12:01:00,-2,1846,ORD,SFO
2001-03-18 12:30:00,23,197,LAS,ONT
2001-03-18 14:12:00,10,248,SAT,DAL
2001-03-18 14:17:00,61,197,FLL,TPA
2001-03-18 14:20:00,-5,487,EWR,DTW
2001-03-18 20:57:00,12,984,DFW,MCO
2001-03-18 21:44:00,26,177,ORD,IND
2001-03-19 01:55:00,11,414,LAS,SFO
2001-03-19 06:44:00,-5,416,OMA,ORD
2001-03-19 06:45:00,-11,777,BDL,MDW
2001-03-19 08:45:00,26,1324,PHL,IAH
2001-03-19 09:14:00,-13,174,ORD,GRB
2001-03-19 09:20:00,-7,130,DFW,ILE
2001-03-19 10:40:00,-4,345,RNO,LAS
2001-03-19 11:47:00,39,1372,DFW,EWR
2001-03-19 12:48:00,-16,1235,DFW,LAX
2001-03-19 13:01:00,16,200,EWR,BOS
2001-03-19 13:45:00,18,1078,COS,CVG
2001-03-19 14:33:00,-5,957,DEN,OAK
2001-03-19 15:22:00,-17,2072,SJU,ORD
2001-03-19 15:25:00,-4,224,DFW,IAH
2001-03-19 15:47:00,-3,290,CLT,ORF
2001-03-19 17:06:00,-14,1515,ORD,LAS
2001-03-19 18:58:00,17,1302,PHL,DFW
2001-03-19 19:05:00,100,178,FLL,MCO
2001-03-19 19:51:00,-23,1825,CLE,LAS
2001-03-19 20:27:00,-12,550,PDX,SFO
2001-03-19 20:48:00,10,1426,MSP,PDX
2001-03-19 22:41:00,11,600,CLT,RSW
2001-03-20 05:52:00,-23,548,BDL,DTW
2001-03-20 07:20:00,24,594,DTW,ATL
2001-03-20 07:20:00,5,1167,EWR,MSY
2001-03-20 07:42:00,53,1439,SJC,DFW
2001-03-20 08:15:00,-5,937,HOU,MDW
2001-03-20 08:57:00,-14,737,BWI,STL
2001-03-20 09:38:00,6,719,EWR,ORD
2001-03-20 10:31:00,42,758,IAD,MCO
2001-03-20 10:34:00,1,189,RNO,SJC
2001-03-20 11:15:00,-5,444,PDX,RNO
2001-03-20 11:27:00,71,533,DEN,MCI
2001-03-20 11:40:00,0,297,SJC,BUR
2001-03-20 12:19:00,2,1635,SFO,IAH
2001-03-20 13:50:00,-3,559,AUS,MEM
2001-03-20 14:15:00,97,406,TPA,ATL
2001-03-20 14:25:00,166,991,PDX,DEN
2001-03-20 15:02:00,-8,264,JFK,ROC
2001-03-20 15:10:00,85,418,LGA,CLE
2001-03-20 15:45:00,-4,224,SEA,GEG
2001-03-20 16:10:00,-8,96,MIA,APF
2001-03-20 18:15:00,4,296,ORF,LGA
2001-03-20 19:07:00,0,986,IAH,GSO
2001-03-20 20:19:00,-1,1173,FLL,BDL
2001-03-20 21:00:00,23,1456,DFW,OAK
2001-03-20 21:30:00,36,144,PIT,CMH
2001-03-20 22:00:00,51,597,DFW,BHM
2001-03-21 06:26:00,18,859,BDL,ATL
2001-03-21 09:13:00,-5,1929,DTW,SJU
2001-03-21 09:50:00,15,281,DFW,XNA
2001-03-21 09:53:00,-1,1827,SLC,IAD
2001-03-21 10:41:00,9,1846,SFO,ORD
2001-03-21 12:52:00,7,852,ATL,ALB
2001-03-21 13:06:00,1,508,TPA,CLT
2001-03-21 14:24:00,8,647,PHX,SMF
2001-03-21 16:10:00,-10,564,SEA,RNO
2001-03-21 16:30:00,-3,228,SJT,DFW
2001-03-21 18:30:00,-7,328,PHX,ABQ
2001-03-21 19:18:00,10,390,RNO,LAX
2001-03-21 19:45:00,1,419,HOU,OKC
2001-03-22 07:00:00,-5,1506,SDF,PHX
2001-03-22 07:10:00,-9,588,ICT,ORD
2001-03-22 07:58:00,-7,2421,SEA,JFK
2001-03-22 08:06:00,-21,1587,ATL,PHX
2001-03-22 08:29:00,-9,595,MIA,ATL
2001-03-22 09:03:00,6,106,JFK,BDL
2001-03-22 10:58:00,-13,334,MSP,ORD
2001-03-22 11:12:00,3,177,IND,ORD
2001-03-22 12:45:00,-17,190,DFW,AUS
2001-03-22 12:49:00,-1,2161,SFO,CLE
2001-03-22 13:39:00,5,342,OMA,STL
2001-03-22 13:42:00,58,1605,DEN,EWR
2001-03-22 14:23:00,-14,680,DEN,MSP
2001-03-22 15:09:00,83,213,DCA,JFK
2001-03-22 17:11:00,27,1619,MEM,LAX
2001-03-22 17:35:00,0,89,DFW,ACT
2001-03-22 17:45:00,18,842,MDW,PVD
2001-03-22 18:30:00,7,1506,PHX,SDF
2001-03-22 19:52:00,-7,110,TUS,PHX
2001-03-22 19:55:00,-14,515,IND,BWI
2001-03-22 19:58:00,19,685,DFW,CID
2001-03-22 21:32:00,82,496,PIT,BOS
2001-03-23 07:25:00,-27,229,IND,STL
2001-03-23 07:46:00,-7,262,SFO,SBA
2001-03-23 07:56:00,5,214,LGA,DCA
2001-03-23 08:00:00,-5,251,MDW,STL
2001-03-23 08:35:00,-11,610,MEM,DTW
2001-03-23 09:46:00,14,647,RDU,ORD
2001-03-23 10:52:00,1,460,DFW,MCI
2001-03-23 12:54:00,1,1440,PHX,ORD
2001-03-23 13:21:00,-3,331,DCA,CLT
2001-03-23 14:11:00,-2,719,EWR,ORD
2001-03-23 14:29:00,4,1062,DFW,RDU
2001-03-23 14:35:00,5,1246,HOU,BWI
2001-03-23 15:34:00,19,185,LGA,BOS
2001-03-23 15:55:00,-16,1439,DFW,SJC
2001-03-23 17:54:00,3,957,DTW,MCO
2001-03-23 18:50:00,35,602,PHX,DEN
2001-03-23 18:58:00,8,264,CVG,ORD
2001-03-23 19:56:00,-7,468,MCO,CLT
2001-03-23 20:14:00,89,679,SFO,SEA
2001-03-23 20:25:00,-5,308,LAX,SJC
2001-03-23 20:41:00,-11,678,ORD,PHL
2001-03-23 20:45:00,-4,412,ORD,PIT
2001-03-23 21:19:00,17,235,ORD,DTW
2001-03-24 00:22:00,-5,1747,LAS,ATL
2001-03-24 01:29:00,3,1235,LAX,DFW
2001-03-24 05:59:00,6,888,DEN,ORD
2001-03-24 06:01:00,-15,229,MDW,DTW
2001-03-24 07:04:00,-5,1477,AUS,SJC
2001-03-24 10:18:00,-3,134,BHM,ATL
2001-03-24 11:06:00,-5,1874,IAH,SEA
2001-03-24 11:28:00,4,197,LAS,ONT
2001-03-24 11:34:00,-10,853,DEN,SAN
2001-03-24 11:39:00,-13,467,PIT,PVD
2001-03-24 12:07:00,31,1242,LAX,AUS
2001-03-24 12:30:00,-3,406,ATL,TPA
2001-03-24 13:02:00,11,1619,MEM,LAX
2001-03-24 13:39:00,5,2115,SNA,PIT
2001-03-24 13:42:00,15,1237,BOS,FLL
2001-03-24 13:50:00,15,868,PHX,DFW
2001-03-24 15:04:00,-18,228,FSM,DFW
2001-03-24 15:58:00,-18,267,PIT,PHL
2001-03-24 16:30:00,-15,1998,PHX,BWI
2001-03-24 17:25:00,1,1491,BWI,DEN
2001-03-24 17:47:00,-1,576,ATL,BWI
2001-03-24 22:30:00,12,423,OMA,MDW
2001-03-24 22:59:00,0,1830,SJC,ORD
2001-03-24 23:31:00,-5,453,ATL,LIT
2001-03-25 07:04:00,2,528,DTW,MSP
2001-03-25 07:22:00,-9,758,MCO,IAD
2001-03-25 07:42:00,-26,152,TYS,ATL
2001-03-25 09:09:00,-27,1097,LGA,MIA
2001-03-25 09:23:00,-19,1372,EWR,DFW
2001-03-25 11:45:00,-4,334,SJC,ONT
2001-03-25 11:55:00,2,334,ORD,MSP
2001-03-25 12:30:00,-15,2133,EWR,PHX
2001-03-25 15:12:00,-19,1107,STT,MIA
2001-03-25 16:00:00,2,991,MSP,SLC
2001-03-25 16:50:00,-20,1300,MSP,LAS
2001-03-25 17:23:00,12,723,ALB,ORD
2001-03-25 17:42:00,16,267,MRY,LAX
2001-03-25 18:20:00,-10,559,AUS,MEM
2001-03-25 18:25:00,-5,187,CRP,HOU
2001-03-25 18:26:00,-7,228,STL,CID
2001-03-25 18:34:00,-10,1182,ORD,FLL
2001-03-25 19:10:00,0,998,BWI,MSY
2001-03-25 19:10:00,-4,2125,CLT,LAX
2001-03-25 19:15:00,-10,477,DAY,PHL
2001-03-25 19:32:00,24,873,TPA,PIT
2001-03-25 19:55:00,-17,533,ATL,IAD
2001-03-25 20:29:00,36,651,CLT,MKE
2001-03-25 21:32:00,-4,337,SFO,LAX
2001-03-25 22:57:00,70,480,SMF,SAN
2001-03-26 06:24:00,-17,1836,OAK,ORD
2001-03-26 06:54:00,3,946,ATL,BOS
2001-03-26 07:26:00,1,229,MDW,DTW
2001-03-26 07:37:00,17,2401,EWR,SEA
2001-03-26 07:40:00,3,603,SYR,CLT
2001-03-26 07:45:00,-3,283,BDL,BWI
2001-03-26 07:59:00,-23,936,DFW,CLT
2001-03-26 08:06:00,18,761,ATL,LGA
2001-03-26 08:22:00,-5,223,LAS,BUR
2001-03-26 09:42:00,18,337,SFO,LAX
2001-03-26 09:43:00,-14,361,CLT,BWI
2001-03-26 10:48:00,-2,592,COS,DFW
2001-03-26 10:52:00,0,235,ORD,DTW
2001-03-26 12:23:00,116,1440,PHX,ORD
2001-03-26 13:00:00,20,828,IND,MCO
2001-03-26 13:24:00,-16,196,PHL,BDL
2001-03-26 13:34:00,0,913,CLT,IAH
2001-03-26 13:41:00,8,1562,BOS,DFW
2001-03-26 15:31:00,1,964,IAH,MIA
2001-03-26 15:35:00,122,784,STL,ORF
2001-03-26 15:47:00,-3,336,CLT,SDF
2001-03-26 16:35:00,-10,197,MSP,FSD
2001-03-26 17:20:00,2,1391,JFK,DFW
2001-03-26 18:08:00,-12,2378,PHL,SEA
2001-03-26 19:28:00,-9,236,LAS,LAX
2001-03-26 21:35:00,25,833,PHX,OKC
2001-03-26 21:40:00,-4,443,ATL,MLB
2001-03-27 07:20:00,-7,632,RDU,MDW
2001-03-27 07:51:00,-8,967,DEN,SFO
2001-03-27 09:01:00,-6,581,FLL,ATL
2001-03-27 10:05:00,12,303,HOU,MSY
2001-03-27 10:06:00,9,1721,ORD,SEA
2001-03-27 11:01:00,1,1121,BOS,MCO
2001-03-27 12:00:00,-14,1674,SJU,BOS
2001-03-27 12:10:00,-21,938,MCO,EWR
2001-03-27 13:27:00,-8,612,ORD,DCA
2001-03-27 14:55:00,-8,325,ONT,PHX
2001-03-27 16:37:00,-7,406,JAC,DEN
2001-03-27 16:58:00,-11,544,CLT,LGA
2001-03-27 17:17:00,-32,177,IND,ORD
2001-03-27 17:18:00,7,2555,EWR,OAK
2001-03-27 17:26:00,5,1017,DFW,RSW
2001-03-27 18:39:00,-18,590,SLC,LAX
2001-03-27 18:48:00,46,4065,OGG,STL
2001-03-27 19:50:00,-25,1363,MCI,LAX
2001-03-27 20:01:00,-8,957,DEN,OAK
2001-03-28 05:30:00,-9,594,DTW,ATL
2001-03-28 05:59:00,1,185,LGA,BOS
2001-03-28 06:30:00,-9,562,DAL,ELP
2001-03-28 06:53:00,-1,1182,ORD,FLL
2001-03-28 06:56:00,-10,98,MBS,DTW
2001-03-28 07:06:00,-5,2329,LAX,BWI
2001-03-28 07:25:00,0,368,LAS,SLC
2001-03-28 07:42:00,-14,368,SLC,LAS
2001-03-28 08:54:00,21,67,ORD,MKE
2001-03-28 09:01:00,-5,332,MEM,ATL
2001-03-28 09:44:00,-9,181,DFW,TXK
2001-03-28 12:05:00,-9,393,HOU,LIT
2001-03-28 12:20:00,0,158,ABI,DFW
2001-03-28 13:38:00,-3,2115,SNA,PIT
2001-03-28 14:19:00,16,719,STL,DCA
2001-03-28 17:27:00,-14,1592,STL,LAX
2001-03-28 17:27:00,-6,723,ALB,ORD
2001-03-28 17:49:00,33,473,ORD,BUF
2001-03-28 19:13:00,26,1103,DFW,PBI
2001-03-28 19:21:00,19,988,DFW,SLC
2001-03-28 19:48:00,11,296,CMH,ORD
2001-03-28 19:58:00,4,240,DAY,ORD
2001-03-28 20:05:00,10,372,SNA,SFO
2001-03-28 20:20:00,3,256,PHX,LAS
2001-03-28 20:59:00,-5,906,MCO,ABE
2001-03-28 22:02:00,10,2342,LAX,MIA
2001-03-29 06:12:00,-16,201,TOL,PIT
2001-03-29 06:40:00,12,679,SFO,SEA
2001-03-29 08:05:00,-3,2475,LAX,JFK
2001-03-29 08:20:00,-2,446,ATL,CMH
2001-03-29 08:46:00,18,978,ORD,AUS
2001-03-29 08:57:00,-23,1139,MEM,BOS
2001-03-29 09:15:00,-13,601,RNO,PHX
2001-03-29 09:30:00,-5,239,HOU,DAL
2001-03-29 09:37:00,82,1754,BOS,DEN
2001-03-29 10:22:00,-20,1998,BWI,PHX
2001-03-29 10:28:00,-9,95,CLE,DTW
2001-03-29 10:55:00,6,1009,PHX,PDX
2001-03-29 13:01:00,32,656,MEM,TPA
2001-03-29 13:15:00,-3,338,BNA,CMH
2001-03-29 13:31:00,-3,1870,SEA,MEM
2001-03-29 14:00:00,-1,373,LAX,SMF
2001-03-29 14:00:00,5,562,DAL,ELP
2001-03-29 14:37:00,15,428,IND,CLT
2001-03-29 15:45:00,1,587,BNA,BWI
2001-03-29 17:01:00,12,429,TUL,IAH
2001-03-29 17:07:00,20,1038,MCI,PHL
2001-03-29 17:30:00,19,590,CLT,PBI
2001-03-29 17:51:00,-9,289,PIT,LEX
2001-03-29 18:03:00,10,185,BOS,LGA
2001-03-29 18:25:00,5,282,OMA,MSP
2001-03-29 18:43:00,19,403,ORD,MCI
2001-03-29 19:33:00,54,301,BUF,JFK
2001-03-29 20:46:00,38,602,PHX,DEN
2001-03-29 22:04:00,21,2116,SJC,ATL
2001-03-30 06:58:00,-15,978,AUS,ORD
2001-03-30 07:11:00,-10,157,ORD,FWA
2001-03-30 08:00:00,-7,328,DFW,ICT
2001-03-30 08:20:00,-10,1044,MCI,PHX
2001-03-30 08:37:00,-1,247,SAT,DFW
2001-03-30 09:35:00,28,946,MEM,EWR
2001-03-30 09:47:00,11,649,DEN,BOI
2001-03-30 10:10:00,-6,1262,STL,PHX
2001-03-30 10:38:00,33,334,JAX,MIA
2001-03-30 11:16:00,21,267,LAX,MRY
2001-03-30 11:59:00,8,1515,LAS,ORD
2001-03-30 16:00:00,58,334,MIA,JAX
2001-03-30 17:25:00,-11,1491,BWI,DEN
2001-03-30 17:38:00,46,1167,EWR,MSY
2001-03-30 18:06:00,13,677,LAX,ABQ
2001-03-30 18:22:00,1,1671,MSY,LAX
2001-03-30 18:58:00,-15,1021,CLE,DFW
2001-03-30 19:04:00,-15,1220,DFW,LGB
2001-03-30 19:37:00,21,1011,TPA,LGA
2001-03-30 20:44:00,-5,429,IAH,TUL
2001-03-30 23:05:00,45,321,ATL,SDF
2001-03-30 23:48:00,2,874,ATL,SAT
2001-03-31 07:04:00,-8,373,LAX,SMF
2001-03-31 07:10:00,-8,842,TPA,BWI
2001-03-31 07:32:00,3,373,CVG,ATL
2001-03-31 08:45:00,-5,737,STL,BWI
2001-03-31 10:33:00,-5,2457,SFO,BWI
2001-03-31 10:40:00,-5,1588,BNA,LAS
2001-03-31 11:26:00,-2,228,STL,CID
2001-03-31 12:32:00,5,758,MCO,IAD
2001-03-31 13:32:00,-10,335,SDF,PIT
2001-03-31 13:35:00,-6,251,MDW,STL
2001-03-31 13:55:00,18,1090,MIA,JFK
2001-03-31 15:23:00,19,1024,EWR,PBI
2001-03-31 16:16:00,-8,302,MOB,ATL
2001-03-31 17:18:00,-17,113,SPS,DFW
2001-03-31 17:46:00,-5,368,SLC,LAS
2001-03-31 18:38:00,-11,693,ORD,OKC
2001-03-31 18:40:00,3,181,OKC,DAL
2001-03-31 19:02:00,-1,1276,MSP,PHX
2001-03-31 19:04:00,-19,622,SJC,PHX
2001-03-31 19:13:00,72,1090,JFK,MIA
2001-03-31 19:54:00,-9,447,SAN,SFO
2001-03-31 21:42:00,36,1172,DFW,IAD
